#,TITLE,ARTIST,RELEASE,BPM,ENERGY,DANCE,LOUD,VALENCE,LENGTH,ACOUSTIC,POP,MELIKEY
1,No Time,Action Bronson,2013-06-11,79,73,72,-5,47,4:37,36,40,0
2,Foldin Clothes,J. Cole,2016-12-09,162,50,71,-10,60,5:17,22,64,0
3,The Ways (with Swae Lee),Khalid,2018-02-09,140,72,73,-6,57,3:59,7,80,0
4,Spitshine,Smino,2017-03-14,90,68,72,-8,77,2:10,15,51,1
5,Wax,Juicy J,2013-12-06,128,75,88,-7,64,3:33,1,51,0
6,The City (feat. Phoebe Ryan),Skizzy Mars,2015-02-03,93,86,65,-4,66,3:50,3,60,0
7,Yellow,Aminé,2017-07-28,129,52,86,-6,21,3:00,11,60,0
8,Actin Crazy,Action Bronson,2015-03-23,166,62,50,-7,25,3:59,20,59,0
9,Dancing With Our Hands Tied,Taylor Swift,2017-11-10,160,70,62,-7,24,3:32,7,68,0
10,Let's Go,Khalid,2017-04-27,108,37,78,-7,43,3:25,57,72,0
11,ITAL (Roses),Lupe Fiasco,2012-09-25,107,67,55,-8,56,4:25,15,42,1
12,Door Swangin,2 Chainz,2017-06-16,144,50,77,-7,35,3:08,11,53,
13,Iron & Steel,Quinn XCII,2018-02-02,140,49,79,-5,58,3:24,48,62,
14,Anita,Smino,2017-02-08,64,58,77,-8,79,3:40,18,59,
15,Gold Watch,Lupe Fiasco,2007-01-01,84,73,70,-6,56,4:13,6,46,
16,Trippy,Lil Wayne,2013-01-01,136,61,87,-6,52,4:23,7,49,
17,Land of the Snakes,J. Cole,2013-06-14,104,73,77,-8,48,4:14,23,66,
18,On Fire,Young Thug,2017-06-16,154,42,77,-7,53,4:00,26,53,
19,Beef,Mos Def,2005-12-13,78,53,63,-4,66,2:14,1,29,
20,BOOM!,Lil Yachty,2018-03-09,133,70,84,-6,75,3:50,19,73,
21,Space Cadet,Quality Control,2017-12-08,140,52,82,-7,31,3:01,29,55,
22,Jamba,"Tyler, The Creator",2013-04-01,80,49,72,-8,66,3:32,4,59,
23,Yomi,Fetty Wap,2018-01-19,150,69,70,-6,81,3:36,40,42,
24,Forbidden Fruit,J. Cole,2013-06-14,110,51,84,-9,41,4:29,55,70,
25,Winter,Khalid,2017-04-27,100,57,68,-7,37,4:02,10,72,
26,Harambe,Young Thug,2016-08-26,132,49,82,-6,22,3:10,5,55,
27,Banana Clip,Miguel,2017-12-01,85,71,64,-5,61,3:22,10,70,
28,Interview,Quality Control,2017-12-08,132,64,86,-6,35,2:54,2,55,
29,Doe-Active,A$AP Ferg,2014-11-17,150,73,87,-6,77,3:26,19,45,
30,Girl On A Train,Skizzy Mars,2016-04-08,94,68,71,-6,62,3:03,22,67,
31,JELLO,BROCKHAMPTON,2017-08-25,140,57,92,-7,64,4:00,62,63,
32,EdEddnEddy,J.I.D,2017-03-10,158,43,77,-10,32,2:21,15,57,
33,Trick Me,CyHi The Prynce,2017-11-17,72,62,62,-6,17,4:34,4,50,
34,Numbers On The Boards,Pusha T,2013-01-01,85,56,68,-6,39,2:44,15,49,
35,Christ Conscious,Joey Bada$$,2015-01-20,87,72,65,-5,59,2:54,1,57,
36,Let Me Breathe,Action Bronson,2017-08-25,180,69,65,-7,37,2:53,14,54,
37,Bool'n,MadeinTYO,2016-08-19,140,72,80,-5,46,3:28,12,51,
38,Holiday,Quality Control,2017-12-08,128,67,89,-5,64,3:30,16,54,
39,"Kick, Push",Lupe Fiasco,2006-06-27,95,81,65,-5,51,4:14,16,59,
40,Full Circle,Quinn XCII,2015-08-06,78,55,75,-8,48,3:38,20,68,
41,This Is Why We Can’t Have Nice Things,Taylor Swift,2017-11-10,164,79,56,-6,47,3:27,1,67,
42,Still Serving,21 Savage,2017-10-30,116,54,93,-7,66,3:52,41,66,
43,Hellcat,Quality Control,2017-12-08,142,58,78,-6,7,4:00,9,58,
44,No Safety,Smokepurpp,2017-09-29,125,51,95,-8,28,2:06,17,48,
45,Hopeless,Khalid,2017-04-27,116,70,79,-5,57,2:48,64,71,
46,Blinds,Aminé,2017-07-28,90,45,83,-6,78,1:27,6,53,
47,Long Night (feat. Chance the Rapper),Hoodie Allen,2013-02-21,101,81,77,-4,83,3:14,7,55,
48,Runner,A$AP Mob,2016-10-31,130,55,86,-7,31,3:20,10,57,
49,At the Door,Lil Pump,2017-10-06,140,57,92,-9,43,2:03,5,61,
50,O Let's Do It (feat. Cap),Waka Flocka Flame,2010-10-01,130,51,68,-6,34,4:09,1,47,
51,Vice City (feat. Black Hippy),Jay Rock,2015-09-11,115,55,84,-7,51,4:44,16,65,
52,The Cut Off (feat. kiLL edward),J. Cole,2018-04-20,78,54,74,-8,34,3:57,19,86,
53,Might as Well,Future,2017-06-30,134,55,91,-7,80,3:28,12,58,
54,Odee,A Boogie Wit da Hoodie,2018-04-20,86,48,85,-7,29,2:41,21,61,
55,Threatening Nature,Ab-Soul,2016-12-09,74,70,66,-5,56,3:25,10,41,
56,CC,Migos,2018-01-26,134,72,85,-7,82,4:19,23,66,
57,Tomorrow Til Infinity (feat. Gunna),Young Thug,2017-06-16,136,52,86,-7,28,3:48,3,63,
58,Drippin',Young Thug,2016-03-25,104,60,95,-7,35,3:06,5,53,
59,Really Be (Smokin N Drinkin),YG,2014-01-01,146,54,77,-8,68,5:11,1,50,
60,The Flyest,O.T. Genasis,2015-04-21,116,46,88,-3,42,3:48,4,37,
61,Cocktail,EARTHGANG,2018-02-23,107,71,76,-4,30,3:05,16,55,
62,Hannibal Interlude (feat. Hannibal Buress),Lil Dicky,2015-07-31,120,67,77,-8,77,2:01,2,51,
63,Tell My Haters,Lil Skies,2017-12-12,144,69,79,-6,61,2:00,8,65,
64,LAUDER,J.I.D,2017-03-10,92,67,68,-9,65,4:03,47,52,
65,Boomin,Fetty Wap,2015-09-25,142,90,77,-3,58,3:15,1,47,
66,Walk On Water,A$AP Mob,2017-08-25,140,53,90,-6,59,3:56,9,69,
67,New Choppa,Playboi Carti,2017-04-14,128,61,78,-4,42,2:06,17,65,
68,Flea Flicka,Smino,2017-03-14,98,49,74,-8,63,2:43,54,46,
69,Hood Politics,Kendrick Lamar,2015-03-16,88,66,72,-7,38,4:53,15,60,
70,NO. 9,Playboi Carti,2017-04-14,138,61,89,-8,39,3:19,1,57,
71,5 Million Intro,Gucci Mane,2017-05-26,150,56,75,-6,41,4:04,11,56,
72,DUCKWORTH.,Kendrick Lamar,2017-04-14,177,73,55,-7,64,4:09,5,68,
73,Daddy's Birthday,Young Thug,2017-06-16,153,37,85,-7,27,3:29,20,63,
74,Another Day in Paradise,Quinn XCII,2015-04-28,168,80,65,-5,56,4:15,16,68,
75,Speed Law,Mos Def,1999-10-12,98,67,76,-8,72,4:16,7,43,
76,"Slime Shit (feat. Yak Gotti, Duke & Peewee Roscoe)",Young Thug,2016-03-25,133,42,90,-8,28,4:38,2,55,
77,Nu Africa,CyHi The Prynce,2017-11-17,177,78,46,-5,45,6:14,13,43,
78,Another Sad Love Song,Khalid,2017-04-27,107,47,83,-8,52,4:05,41,77,
79,Messanger Bag FreeStyle,Sonny Digital,2018-04-20,168,63,75,-7,72,1:20,22,34,
80,Carpet,FRENSHIP,2016-09-02,93,70,66,-8,62,4:00,3,60,
81,Smokin' Rollin',Juicy J,2013-12-06,136,57,81,-9,28,2:37,1,51,
82,"Trouble on My Mind (feat. Tyler, The Creator)",Pusha T,2011,172,78,65,-6,66,3:33,7,66,
83,Boat Skirrt,Quality Control,2017-12-08,132,55,88,-7,22,2:18,4,51,
84,Living Single,Big Sean,2016-12-17,80,62,72,-5,72,4:36,21,69,
85,1Day (feat. Ugly God),PnB Rock,2017-11-17,149,74,79,-5,42,3:08,12,53,
86,STFU,Aminé,2017-07-28,110,54,64,-9,40,3:25,40,53,
87,General,J.I.D,2017-03-10,79,68,71,-6,60,3:18,25,49,
88,Gwinnett,MadeinTYO,2016-08-22,140,48,86,-7,4,3:14,14,50,
89,BBO (Bad Bitches Only),Migos,2018-01-26,162,77,80,-6,49,4:12,4,77,
90,American Teen,Khalid,2017-04-27,100,62,66,-7,21,4:11,7,78,
91,South Africa,Quality Control,2017-12-08,154,64,70,-6,6,3:45,11,52,
92,Mediterranean,Quality Control,2017-12-08,78,66,82,-6,33,3:23,3,61,
93,Perry Aye,A$AP Mob,2017-08-25,118,54,92,-6,20,2:26,5,63,
94,Walls,Quinn XCII,2017-09-15,93,45,74,-7,58,2:59,33,56,
95,ATM,J. Cole,2018-04-20,82,50,72,-8,35,3:37,12,89,
96,U12,Daya,2016-10-07,75,32,70,-8,66,3:24,52,46,
97,New Age Chip Skylark,Ski Mask The Slump God,2017-04-24,138,67,75,-6,57,2:04,28,56,
98,Be Lazy,Skizzy Mars,2015-02-03,99,66,56,-8,45,3:21,37,50,
99,BRACKETS,J. Cole,2018-04-20,84,57,68,-9,66,5:16,19,86,
100,Ballet (feat. Bari),Smino,2016-12-01,124,54,83,-9,60,4:27,48,51,
101,Artificial,EARTHGANG,2017-10-20,81,61,78,-8,42,4:21,33,57,
102,Cruise Ship,Young Thug,2017-10-20,150,74,79,-6,21,2:46,1,64,
103,Zoom,Smino,2016-06-03,111,71,70,-9,78,2:34,6,38,
104,High For Hours,J. Cole,2017-01-18,96,44,88,-10,67,4:11,50,64,
105,People Keep Talking,Hoodie Allen,2014-10-14,148,75,77,-4,54,3:33,14,43,
106,OTW,Khalid,2018-04-20,73,68,65,-6,28,4:23,18,86,
107,Kevin’s Heart,J. Cole,2018-04-20,116,53,83,-7,47,3:20,48,89,
108,"Floyd Mayweather (feat. Travis Scott, Gucci Mane and Gunna)",Young Thug,2016-08-26,134,49,89,-9,81,5:59,34,60,
109,Changed (feat. Big Sean),Gucci Mane,2017-10-13,140,64,77,-5,41,3:52,0,55,
110,D/vision,J.I.D,2017-03-10,83,73,75,-8,94,4:26,56,53,
111,Murda Something,A$AP Ferg,2013-08-16,136,82,84,-4,33,3:20,24,53,
112,King Of My Heart,Taylor Swift,2017-11-10,110,70,68,-8,30,3:34,1,67,
113,Motiv8,J. Cole,2018-04-20,150,39,87,-8,60,2:14,14,89,
114,Kanye West (feat. Wyclef Jean),Young Thug,2016-08-26,108,61,85,-7,43,5:43,5,58,
115,2006,Skizzy Mars,2018-04-13,156,74,73,-5,58,3:45,10,56,
116,Montana Doe,Lil Xan,2016-08-22,142,53,83,-9,13,4:24,10,45,
117,FRIENDS (feat. kiLL edward),J. Cole,2018-04-20,109,65,72,-8,49,4:18,10,85,
118,A Million Miles,mansionz,2017-03-24,112,47,86,-8,66,5:03,12,55,
119,Old English,Young Thug,2014-07-01,82,80,81,-5,74,3:22,4,61,
120,I'm Ready (feat. Olivver The Kid),Skizzy Mars,2016-04-08,109,57,79,-9,64,3:36,36,59,
121,OK BITCH,2 Chainz,2018-02-08,150,56,85,-8,56,3:12,14,57,
122,Runnin,Smino,2016-06-03,134,52,73,-10,54,3:25,47,49,
123,Other Shit,Playboi Carti,2017-04-14,133,47,84,-7,40,2:49,28,54,
124,Wifey vs. WiFi / / / P.M.S. (feat. BR3),Ab-Soul,2016-12-09,146,48,68,-9,51,4:21,51,39,
125,Fire Squad,J. Cole,2014-12-09,175,74,52,-7,60,4:48,28,71,
126,Keep Me,Khalid,2017-04-27,112,57,78,-8,66,4:36,37,71,
127,A Zip & A Double Cup (Remix) (feat. Tity Boi),Juicy J,2011-06-21,140,75,88,-6,54,3:28,0,49,
128,Dresser,Yung Bans,2017-06-07,75,51,83,-7,26,2:36,3,64,
129,Get High (feat. Snoop Dogg & Lil Durk),Young Thug,2017-06-16,146,50,71,-8,21,4:54,3,55,
130,Capital Letters,Hailee Steinfeld,2018-02-09,100,82,66,-5,49,3:39,4,76,
131,8TEEN,Khalid,2017-04-27,105,59,83,-6,64,3:49,23,81,
132,Like A Soccer Mom,Ski Mask The Slump God,2017-03-06,140,65,78,-8,71,1:50,11,70,
133,Before It Burned,Quinn XCII,2018-02-16,172,80,66,-5,78,2:55,7,54,
134,03' Adolescence,J. Cole,2014-12-09,146,81,52,-6,26,4:24,39,67,
135,Squeeze,Aminé,2017-10-27,158,51,75,-7,70,1:52,30,56,
136,Out,Yung Bans,2017-12-14,84,44,87,-7,37,2:06,3,61,
137,Necessary,Jay Rock,2015-09-11,85,60,59,-8,30,3:21,7,46,
138,1985 - Intro to “The Fall Off”,J. Cole,2018-04-20,94,65,68,-6,64,3:10,15,88,
139,Sea Sick,Gucci Mane,2017-12-22,130,42,91,-7,39,3:19,1,54,
140,Love of My Life,Daya,2016-10-07,123,66,79,-4,58,3:12,19,48,
141,Photograph,J. Cole,2018-04-20,105,49,83,-6,37,3:39,3,88,
142,If It Aint,Juicy J,2013-12-06,140,77,88,-7,55,3:44,3,45,
143,Gilligan,DRAM,2017-04-21,148,67,88,-8,62,3:28,3,62,
144,Make Sense,Skizzy Mars,2014-04-22,146,77,70,-8,63,3:24,9,50,
145,St. Brick Intro,Gucci Mane,2016-12-16,150,60,80,-7,42,2:25,34,54,
146,LEGENDARY (feat. J. Cole),Joey Bada$$,2017-04-07,82,65,72,-5,42,4:38,20,65,
147,Riverdale Rd,2 Chainz,2017-06-16,125,64,66,-4,20,3:24,2,56,
148,Violation Freestyle,Quality Control,2017-12-08,128,55,91,-8,27,1:45,41,56,
149,The High Road,Broken Bells,2010-03-03,80,64,61,-7,61,3:52,7,67,
150,Shoulder Mountain,Andrew Bird,2016-01-01,172,67,41,-6,38,3:32,59,26,
151,Drugs,Ratatat,2010-06-07,120,91,72,-6,34,4:55,10,48,
152,Sea Legs,The Shins,2007-01-23,160,79,66,-5,85,5:23,1,48,
153,Lake Michigan,Rogue Wave,2013-01-01,81,72,45,-9,78,3:47,21,44,
154,Odessa,Caribou,2010-04-20,118,92,68,-6,61,5:16,0,52,
155,Dance Yrself Clean,LCD Soundsystem,2010-05-17,98,61,74,-10,79,8:56,1,64,
156,Time to Pretend,MGMT,2007-12-14,101,94,44,-3,42,4:21,0,71,
157,Such Great Heights,The Postal Service,2003-02-19,175,82,65,-8,20,4:26,1,65,
158,What You Talking About? - Claptone Remix,Peter Bjorn and John,2016-07-01,123,83,81,-7,84,6:03,0,36,
159,Chloroform,Phoenix,2013-01-01,138,73,30,-7,34,4:05,0,50,
160,Grapevine Fires,Death Cab for Cutie,2008-04-29,62,43,62,-11,44,4:07,70,51,
161,Constant Surprises,Little Dragon,2007-08-27,58,61,68,-6,62,4:34,3,54,
162,Mushaboom,Feist,2004-01-01,89,53,73,-9,84,3:45,30,52,
163,Rawnald Gregory Erickson the Second,STRFKR,2008-09-23,96,54,90,-8,71,2:54,23,65,
164,My opinion,deadmau5,2017-03-03,95,73,76,-8,73,4:08,15,38,
165,Disconnected,Pegboard Nerds,2012-05-28,128,89,71,-6,37,4:02,0,52,
166,Breaking Kind,Steve Angello,2017-08-04,95,74,46,-5,25,3:21,13,54,
167,Spitfire Riddim (feat. twoton),Kill The Noise,2015-10-09,170,99,53,-3,40,3:59,1,34,
168,With You (feat. Fmlybnd),Dirty South,2014-11-18,94,35,27,-8,3,3:22,63,37,
169,Fresh Static Snow,Porter Robinson,2014-08-12,91,51,63,-6,22,5:59,1,49,
170,Surge,Above & Beyond,2017-03-31,64,16,27,-21,6,2:25,89,52,
171,Worlds Away,3LAU,2018-02-16,127,87,51,-5,8,3:52,0,55,
172,Beneath with Me (feat. Skylar Grey) - Kaskade's V.4,Kaskade,2016-12-16,126,53,52,-7,17,4:14,10,57,
173,Pay No Mind,Madeon,2015-03-27,112,85,55,-2,56,4:09,1,57,
174,Out My Mind,Tritonal,2018-02-23,112,83,73,-5,69,3:15,13,65,
175,Brute,Ferry Corsten,2014-11-28,136,87,59,-5,30,3:33,0,44,
176,The Electric Dream - Favright Remix,Mord Fustang,2014-04-14,128,67,73,-6,42,5:45,0,15,
177,Future Story - Notaker Remix,Jaytech,2016-08-24,90,52,59,-9,18,5:25,4,41,
178,Turn off the Lights (feat. Alexis Roberts),Chris Lake,2018-02-23,125,75,82,-5,89,3:31,5,63,
179,Daybreak (GoPro HERO3 Edit),OVERWERK,2012,127,66,65,-6,51,5:04,1,53,
180,Only Road - Cosmic Gate Remix,Gabriel & Dresden,2018-02-23,128,87,50,-5,15,3:45,0,56,
181,Calling (Lose My Mind) - Radio Edit,Sebastian Ingrosso,2012-01-01,125,87,41,-5,14,3:25,1,58,
182,Leave It All Behind,Dash Berlin,2014-08-29,128,83,57,-4,16,3:56,15,42,
183,Never Giving Up,Tom Swoon,2016-07-04,128,75,51,-8,22,3:23,0,37,
184,Make Me Blue,Pierce Fulton,2016-06-30,128,85,74,-5,45,3:28,20,35,
185,Digitol,deadmau5,2017-03-03,124,91,70,-6,77,3:56,0,43,
186,I Need You More,ATTLAS,2016-07-22,172,50,57,-10,44,3:48,7,50,
187,Speed of Light (Pt. 2) (feat. Taylor Bennett & Skylr),Pegboard Nerds,2017-10-13,80,76,56,-5,17,3:03,0,54,
188,Show Me Love,Steve Angello,2009-03-20,130,88,64,-5,55,3:08,48,68,
189,Dying (feat. Ultraviolet Sound & Emily Hudson) - Brown & Gammon Remix,Kill The Noise,2011-11-22,140,69,64,-5,23,5:09,0,37,
190,Cold Hearted,Seven Lions,2017-10-25,150,94,44,-4,13,4:33,0,55,
191,Northern Soul,Above & Beyond,2018-01-26,128,55,56,-11,13,5:36,3,61,
192,Artificial Intelligence,Black Tiger Sex Machine,2018-03-02,150,87,48,-3,31,4:26,0,36,
193,Shelter,Porter Robinson,2016-08-12,200,80,28,-4,26,3:39,0,72,
194,Artifacture: II. Nostra Luna di Miele,BT,2017-01-17,54,21,21,-22,4,2:56,44,23,
195,Don't Speak - Manila Killa Remix,The M Machine,2015-04-23,105,72,72,-5,18,3:37,1,36,
196,Mirage,Grum,2018-03-09,126,93,54,-7,31,3:18,0,47,
197,Through It All,Jason Ross,2018-03-02,128,83,53,-7,35,3:12,1,52,
198,We The Funk,Dillon Francis,2018-02-21,180,70,68,-6,51,3:07,1,74,
199,Crystal Silence,Chick Corea,1972-01-01,77,2,20,-24,5,6:55,99,27,
200,Watermelon Man,Herbie Hancock,1973-10-26,147,41,72,-11,72,6:29,26,52,
201,Blue Rondo à la Turk,Dave Brubeck,1966,113,39,58,-13,44,6:44,82,48,
202,Blue and Sentimental,Oscar Peterson,2014-08-18,70,11,55,-25,12,2:26,98,55,
203,So Tired,Bobby Timmons,1961,88,28,66,-16,60,6:20,80,40,
204,Chitlins Con Carne,Kenny Burrell,1963,133,34,80,-13,79,5:30,58,47,
205,I Guess I'll Hang My Tears Out To Dry - 1999 Digital Remaster,Dexter Gordon,1962,121,22,52,-9,33,5:22,91,64,
206,God Bless the Child,Sonny Rollins,2005-06-15,103,7,48,-17,14,7:25,92,63,
207,Sometimes I Cry,Les McCann,1993-07-16,136,26,48,-15,54,5:22,25,39,
208,Days of Wine and Roses,Joe Pass,2013-02-22,78,44,75,-14,83,2:52,79,29,
209,My Groove Your Move - 2002 Digital Remaster,Hank Mobley,2002-08-15,73,38,59,-12,67,6:06,78,30,
210,I Love You,Milt Jackson,2013-10-01,120,27,58,-18,54,4:36,83,19,
211,Montara,Bobby Hutcherson,1975,95,27,71,-17,53,4:58,89,33,
212,I Got It Bad And That Ain't Good,Oscar Peterson Trio,2010-01-01,103,5,47,-27,17,5:06,97,62,
213,Good Bait,Dizzy Gillespie,2017-10-20,78,50,57,-10,71,2:47,85,26,
214,The Sounds of Silence - Acoustic Version,Simon & Garfunkel,1964-10-19,107,22,53,-14,33,3:05,84,66,
215,Two Thousand Years,Billy Joel,1993-08-06,175,37,33,-10,37,5:21,39,40,
216,You Make My Dreams - Remastered,Daryl Hall & John Oates,1980,167,65,75,-7,86,3:11,25,80,
217,Pick Up The Pieces,Average White Band,1974,107,85,77,-6,89,4:00,5,56,
218,Green Onions (45 version),Booker T. & the M.G.'s,1962,138,38,79,-15,89,2:47,81,63,
219,My Girl,The Temptations,1965-01-01,105,42,58,-11,67,2:45,63,73,
220,The Love I Lost,Harold Melvin & The Blue Notes,1972,123,74,68,-9,73,6:24,28,37,
221,Try A Little Tenderness,Otis Redding,1966-10-15,103,13,59,-15,7,3:22,19,61,
222,Wouldn't It Be Nice - 2000 - Remaster,The Beach Boys,1966-06-16,125,63,39,-7,72,2:33,72,73,
223,Feel The Beat (Everybody Disco),Ohio Players,1976-01-01,127,84,62,-14,66,3:12,0,14,
224,Take It Easy,Eagles,1972,139,67,57,-10,74,3:32,34,75,
225,Fools Fall In Love,The Drifters,1958,84,50,58,-7,80,2:33,72,39,
226,I'm A Believer - Single/LP Version,The Monkees,2003,79,77,50,-6,94,2:46,60,59,
227,"I've Seen All Good People: a. Your Move, b. All Good People",Yes,2003-07-28,76,48,34,-9,50,6:56,4,34,
228,Ain't No Sunshine,Bill Withers,1971,80,42,48,-11,51,2:05,46,76,
229,Ashes,Yo La Tengo,2018-03-16,80,24,70,-13,50,3:33,90,47,
230,Keep Your Name,Dirty Projectors,2017-02-21,112,49,54,-7,35,4:30,44,60,
231,In the Aeroplane Over the Sea,Neutral Milk Hotel,1998-02-20,94,71,28,-5,24,3:22,40,60,
232,Major Label Debut,Broken Social Scene,2005-10-11,104,71,50,-12,51,4:28,41,30,
233,Missed the Boat,Modest Mouse,2007-03-20,104,70,71,-6,85,4:25,7,60,
234,News From The Sun (live bootleg),Neon Indian,2015-10-16,92,88,63,-5,94,3:53,16,29,
235,Don't You Want Me,Bahamas,2013-01-01,111,21,67,-15,33,3:19,91,50,
236,Truth Lies Low,Andrew Bird,2016-01-01,91,46,70,-11,64,5:29,71,29,
237,Cream On Chrome,Ratatat,2015-04-13,100,69,79,-5,82,3:55,3,54,
238,The Past And Pending,The Shins,2001-06-19,119,31,59,-13,15,5:24,86,47,
239,Your Head Is On Fire,Broken Bells,2010-03-03,180,78,28,-7,43,3:02,7,43,
240,Bees,Caribou,2005-04-18,131,60,71,-13,77,5:24,80,58,
241,Feel It All Around,Washed Out,2010-03-01,172,75,36,-5,47,3:12,0,63,
242,For U (feat. Charli XCX),Miike Snow,2016-03-04,120,70,65,-5,44,3:42,4,47,
243,The Beach,Dr. Dog,2008-07-22,126,59,53,-6,53,3:42,41,49,
244,Eyes,Rogue Wave,2006-02-12,130,46,64,-8,48,2:29,82,60,
245,Second Chance,Peter Bjorn and John,2011-03-29,133,97,59,-2,77,4:13,2,46,
246,Honeymoon,Phoenix,2000-03-06,148,53,56,-9,22,5:01,5,42,
247,Ritual Union,Little Dragon,2011-07-25,144,74,70,-4,80,3:30,4,59,
248,Naked As We Came,Iron & Wine,2004-03-23,172,21,37,-17,66,2:33,63,68,
249,Open Your Eyes,STRFKR,2016-11-04,130,76,67,-4,40,3:53,1,61,
250,Swim and Sleep (Like a Shark),Unknown Mortal Orchestra,2013-02-05,124,81,77,-10,76,2:45,12,56,
251,There Can Be Only One,Cass McCombs,2013-10-14,86,69,61,-14,86,4:17,35,55,
252,Dreams,Passion Pit,2009,150,80,40,-5,19,4:18,0,43,
253,"Jesus, etc.",Wilco,2002-04-16,109,28,76,-14,70,3:51,62,65,
254,Burning,The Whitest Boy Alive,2006-09-04,151,76,72,-8,86,3:11,67,63,
255,Warsaw,Sharon Van Etten,2012-11-13,154,65,39,-7,33,2:27,1,30,
256,Hand It Over,MGMT,2018-02-09,176,61,38,-9,48,4:13,71,63,
257,Pulaski at Night,Andrew Bird,2013-11-12,100,64,45,-8,53,4:49,67,55,
258,Seventeen Years,Ratatat,2004,116,55,94,-6,61,4:26,2,51,
259,jump into the fire - live at madison square garden,LCD Soundsystem,2014-04-19,157,93,29,-9,28,7:16,0,32,
260,The Ghosts Of Beverly Drive,Death Cab for Cutie,2015-03-27,155,86,56,-7,75,4:03,0,58,
261,Boy,Ra Ra Riot,2010,162,86,58,-6,78,3:11,4,44,
262,Any Place,Bahamas,2018-02-16,96,7,60,-10,38,4:01,69,44,
263,1234,Feist,2007-01-01,110,49,71,-7,64,3:04,22,58,
264,Can't Do Without You,Caribou,2014-10-07,128,41,69,-9,49,3:56,79,52,
265,Cult Logic,Miike Snow,2009,110,87,67,-5,48,3:56,5,50,
266,My Step,Little Dragon,2009-08-17,128,51,78,-7,87,3:27,0,41,
267,Echo - Radio Edit,Ookay,2015-03-30,128,80,56,-4,28,3:39,17,33,
268,Magic,Thomas Gold,2016-09-30,105,88,63,-5,44,2:51,5,62,
269,Crash 2.0 (Adventure Club vs. DallasK),Adventure Club,2016-12-02,128,65,66,-5,17,4:15,0,60,
270,I Feel The Love,Tritonal,2016-09-09,125,81,56,-6,44,3:33,2,67,
271,Bring You Back - Beatsole Remix,Kyau & Albert,2018-02-02,132,98,48,-4,12,3:49,1,32,
272,Rise - Radio Edit,Laidback Luke,2017-11-10,126,89,59,-5,59,3:12,0,58,
273,Do It Till Your Face Hurts,Dada Life,2018-03-30,128,85,49,-6,14,2:55,1,52,
274,4ware,deadmau5,2016-12-02,128,71,74,-9,64,8:39,29,59,
275,City Of Dreams - Radio Edit,Dirty South,2013-01-01,128,82,48,-5,15,3:47,0,55,
276,What You Do to Me,ATTLAS,2017-06-09,125,65,70,-9,36,3:43,58,50,
277,The Rain,Steve Angello,2004-06-28,129,93,72,-6,45,7:20,1,55,
278,Cold as Stone,Kaskade,2018-03-16,130,64,50,-4,44,4:02,59,66,
279,Hero (feat. Elizaveta),Pegboard Nerds,2014-03-17,150,92,44,-3,9,5:30,0,55,
280,Collapse (feat. Memorecks),Zeds Dead,2014-07-01,135,76,45,-6,27,4:44,11,58,
281,Ocean,Seven Lions,2018-03-30,100,79,50,-4,25,3:46,7,59,
282,Natural Light,Porter Robinson,2014-08-12,68,27,43,-11,8,2:21,37,44,
283,Crush On You,NERO,2011-01-01,140,89,61,-3,21,4:10,0,35,
284,We Might Fall,Ghastly,2017-05-12,155,76,33,-5,8,3:00,2,57,
285,Rush 2009 - Original Mix,Mat Zo,2009-11-30,130,81,57,-6,11,9:09,0,35,
286,OK!,Jauz,2016-10-10,128,89,62,-3,11,3:08,2,51,
287,STREET,NGHTMRE,2015-07-14,150,97,44,-4,22,2:40,1,55,
288,Mercury - ABGT Mix,Maor Levi,2015-12-27,128,94,53,-9,4,5:08,0,18,
289,Message,Audien,2017-09-15,128,68,51,-4,13,2:49,15,52,
290,Dreamer,Thomas Gold,2017-08-04,96,66,69,-5,81,2:44,12,64,
291,Always Do You - Oliver Smith Remix,Spencer Brown,2017-09-19,128,91,65,-8,4,3:57,0,35,
292,Borrowed Lives (feat. NVDES),Pierce Fulton,2016-07-18,128,74,72,-5,37,5:14,7,56,
293,No Words (feat. Belle Humble),Sander van Doorn,2018-02-23,128,73,46,-4,14,3:47,17,68,
294,Long walk off a short pier,deadmau5,2017-03-03,108,90,57,-6,74,3:42,0,44,
295,Find A Way,Wolfgang Gartner,2017-06-26,128,94,70,-4,53,3:53,0,34,
296,In the Air (feat. Angela McCluskey),Morgan Page,2012-03-06,128,91,70,-5,66,5:07,5,44,
297,Firelight/Shadow Camp,Matt Fax,2017-10-06,123,55,47,-8,13,7:54,56,55,
298,Sweeter Without You,Borgeous,2017-09-29,145,65,48,-6,32,3:12,24,57,
299,Oceans - Dexter Remix,CAZZETTE,2017-03-31,124,61,62,-6,43,3:40,0,67,
300,Our Song,Art Pepper,1991-01-01,115,29,35,-12,17,5:32,76,51,
301,Monk's Dream - Take 8,Thelonious Monk,1963,81,28,70,-15,77,6:25,57,57,
302,I'll Wait And Pray,John Coltrane,2015-02-13,116,6,48,-17,24,3:26,89,58,
303,Cup Bearers,Tommy Flanagan,1982,112,23,50,-21,37,4:09,55,26,
304,Bluesology,The Modern Jazz Quartet,1956,92,22,55,-19,61,5:06,85,30,
305,My One And Only Love - Digitally Remastered,Chick Corea,1993-06-07,160,21,35,-24,45,3:37,82,55,
306,Vein Melter,Herbie Hancock,1973-10-26,58,20,54,-18,39,9:09,26,36,
307,Cleopatra's Dream - 2003 Digital Remaster,Bud Powell,2003,121,38,54,-14,90,4:25,82,46,
308,I'm in a Dancing Mood,Dave Brubeck,1966,140,44,46,-13,58,2:59,60,42,
309,Comin' Home Baby - Live at the Village Gate,Herbie Mann,2005-07-26,78,26,66,-19,52,8:38,59,12,
310,Back At The Chicken Shack,Jimmy Smith,1960,107,37,71,-13,63,8:03,83,44,
311,Tenderly,Dexter Gordon,2013-08-04,181,23,48,-12,37,3:33,92,14,
312,Don't Forget,Jim Hall,1999,64,2,41,-27,14,4:46,100,30,
313,Poinciana,Ahmad Jamal,1951,89,9,55,-21,29,4:34,98,49,
314,Down Here On The Ground - 2002 Digital Remaster,Grant Green,1970,92,46,60,-15,75,6:48,79,47,
315,In Your Own Sweet Way,Wes Montgomery,2008-01-01,122,8,59,-21,8,4:54,99,59,
316,Song For My Father (Rudy Van Gelder Edition) [1999 - Remastered],Horace Silver,1999-04-08,127,67,74,-8,59,7:18,79,58,
317,Girl from Ipanema,Oscar Peterson Trio,2016-04-29,91,27,56,-18,67,3:55,86,43,
318,Broad Way Blues,Ornette Coleman,1968,96,25,51,-18,58,8:44,47,34,
319,Hoe Down,Oliver Nelson,1961,125,54,61,-9,84,4:42,79,31,
320,Work Song (Remastered),Cannonball Adderley,2014-03-26,170,31,50,-13,54,5:08,72,34,
321,The Very Thought Of You,Red Garland,1957,61,14,58,-14,12,4:10,97,25,
322,You Go To My Head,Art Pepper,1988-05-11,65,9,57,-16,30,4:18,98,60,
323,Armageddon - 2004 - Remaster,Wayne Shorter,1964,113,47,49,-12,40,6:23,76,27,
324,Evil Ways,Cal Tjader,1982-01-01,112,52,66,-11,92,5:12,54,23,
325,Spiral Dance,Keith Jarrett,1974-01-01,95,46,55,-17,50,4:07,6,17,
326,Chick's Chums,Chick Corea,2018-01-19,102,53,62,-12,68,9:23,34,29,
327,Delphia,Freddie Hubbard,1970,82,23,40,-16,19,7:20,94,35,
328,Stormy Weather,Oscar Peterson,2014-08-18,120,18,60,-16,56,3:33,99,51,
329,The Sit-In,Bobby Timmons,2014-02-26,87,24,59,-19,49,4:16,71,37,
330,Cajun Moon (feat. Cissy Housten),Herbie Mann,1976,92,44,76,-14,84,6:16,81,37,
331,Midnight Special - 2007 Digital Remaster,Jimmy Smith,1961,90,28,70,-12,32,9:57,81,53,
332,Easy Living,Clifford Brown,1998-02-26,125,9,51,-13,33,3:45,98,53,
333,Sonny's Crip,Sonny Clark,1960-03-23,116,36,52,-14,80,6:20,61,51,
334,Autumn Nocturne,Lou Donaldson,1958,124,7,54,-18,26,4:55,97,59,
335,You've Changed,Dexter Gordon,1991-06-10,58,17,35,-14,21,7:28,95,31,
336,When Sunny Gets Blue,McCoy Tyner,2009-01-01,60,12,57,-23,10,4:42,85,61,
337,I Remember Clifford,Lee Morgan,1988-11-02,62,14,37,-15,17,7:09,90,56,
338,Right Place Wrong Time,Dr. John,1973,105,49,79,-14,83,2:55,9,58,
339,I Heard It Through The Grapevine - Single Version (Mono),Marvin Gaye,1995-01-01,118,52,74,-6,69,3:13,26,64,
340,Let's Stay Together,Al Green,2009,102,40,76,-11,51,3:19,57,75,
341,"Everybody's Talkin' - From ""Midnight Cowboy""",Harry Nilsson,2013-05-13,125,43,45,-12,67,2:44,34,28,
342,Son Of A Preacher Man,Dusty Springfield,1969-03-31,182,50,40,-11,82,2:29,39,64,
343,The Comedians - Live,Roy Orbison,2017-02-24,115,42,58,-11,54,3:30,54,50,
344,Suite: Judy Blue Eyes,"Crosby, Stills & Nash",2005-03-14,154,40,46,-12,32,7:24,49,47,
345,The Boxer,Simon & Garfunkel,1970-01-26,93,49,44,-14,63,5:09,70,68,
346,Vienna,Billy Joel,1977,125,50,53,-7,31,3:34,66,69,
347,Landslide,Fleetwood Mac,1975-07-11,159,16,41,-22,42,3:19,88,75,
348,Time Is Tight,Booker T. & the M.G.'s,2009-01-01,135,49,79,-12,94,3:15,9,38,
349,What Becomes Of The Brokenhearted - Single Version,Jimmy Ruffin,2004-01-01,98,82,57,-5,63,3:02,75,53,
350,I Can't Get Next To You,The Temptations,1969-01-01,109,69,68,-13,71,2:55,56,50,
351,Bring It On Home to Me,Sam Cooke,2000-09-26,71,40,52,-8,68,2:43,78,72,
352,Kokomo,The Beach Boys,2012-10-09,116,64,68,-10,93,3:37,1,60,
353,Maneater - Remastered,Daryl Hall & John Oates,1982,89,69,73,-7,81,4:32,4,76,
354,I Can't Tell You Why,Eagles,1979,85,35,71,-12,49,4:55,69,60,
355,Tell The World How I Feel About 'Cha Baby**,Harold Melvin & The Blue Notes,1975,128,73,50,-12,70,5:52,3,21,
356,Cut the Cake - Single Edit,Average White Band,1975-06-24,109,63,81,-12,96,4:08,28,44,
357,Save The Last Dance For Me,The Drifters,2005-02-08,143,53,54,-11,90,2:35,61,56,
358,It Can Happen,Yes,1983-06-01,112,87,56,-6,41,5:30,3,43,
359,All My Life,America,1979,87,34,44,-13,27,3:04,23,53,
360,Love Rollercoaster,Ohio Players,2000-01-01,115,89,61,-7,49,4:53,22,46,
361,Tired of Being Alone,Al Green,1971-08-14,98,40,77,-9,62,2:52,34,67,
362,Daydream Believer) - 45 Version,The Monkees,1967-10-30,126,51,51,-9,68,2:59,5,36,
363,What's Going On,Marvin Gaye,1971-05-21,202,83,26,-6,84,3:53,11,61,
364,He's A Friend,Eddie Kendricks,1998-01-01,105,69,65,-8,67,4:39,11,34,
365,Lean on Me,Bill Withers,1972,75,22,62,-14,42,4:19,78,67,
366,Without You,Harry Nilsson,1967,65,21,44,-14,12,3:22,56,58,
367,I Just Don't Know What To Do With Myself,Dusty Springfield,1964-10,96,74,35,-9,31,3:00,58,25,
368,Mrs. Robinson,Simon & Garfunkel,1972-06-14,92,46,60,-14,79,3:54,72,56,
369,Little Lies - Remastered,Fleetwood Mac,1987-04-13,125,65,64,-10,87,3:41,22,70,
370,Farewell Is A Lonely Sound,Jimmy Ruffin,1969,145,70,31,-7,67,3:04,6,41,
371,I Get The Sweetest Feeling,Jackie Wilson,2009,125,56,69,-6,75,2:56,63,53,
372,Surfin' U.S.A.,The Beach Boys,2012-10-09,159,80,55,-7,97,2:30,40,41,
373,Be My Baby,The Ronettes,2011-02-22,130,77,51,-7,82,2:41,18,71,
374,Behave Yourself,Booker T. & the M.G.'s,1962,195,29,45,-11,12,3:55,84,41,
375,Earned It,The Temptations,2018-04-13,120,51,42,-6,41,4:52,17,47,
376,Up Against The Wall,Peter Bjorn and John,2007-02-20,138,69,66,-7,56,7:06,14,45,
377,"When They Fight, They Fight",Generationals,2009-07-21,120,90,76,-2,97,3:20,24,53,
378,Wide Eyes,Local Natives,2010-02-16,123,86,53,-8,49,4:26,0,62,
379,Should Have Known Better,Sufjan Stevens,2015-03-31,91,17,57,-21,30,5:08,98,65,
380,Too young,Phoenix,2000-03-06,141,75,62,-6,91,3:18,6,59,
381,I Turn My Camera On,Spoon,2005-05-10,100,46,94,-6,78,3:32,3,51,
382,The Boy With The Arab Strap,Belle & Sebastian,1998,142,83,58,-10,69,5:14,37,46,
383,Vaporize,Broken Bells,2010-03-03,96,59,56,-8,48,3:29,2,51,
384,Wraith Pinned to the Mist and Other Games,of Montreal,2005-04-12,122,58,87,-10,77,4:16,3,56,
385,Girl Inform Me,The Shins,2001-06-19,120,64,61,-7,61,2:21,42,47,
386,Wake Up,Arcade Fire,2004,139,80,25,-5,29,5:35,12,67,
387,The Mall & Misery,Broken Bells,2010-03-03,137,65,59,-6,28,4:07,36,53,
388,The Blues Are Still Blue,Belle & Sebastian,2006-02-07,120,83,74,-5,92,4:09,27,36,
389,No Intention,Dirty Projectors,2009-06-09,80,67,58,-7,58,4:17,34,42,
390,Valerie,Ra Ra Riot,2012,125,85,65,-6,75,3:51,0,58,
391,Nothing To Worry About,Peter Bjorn and John,2009-03-31,95,63,72,-7,64,2:57,20,37,
392,Gone For Good,The Shins,2003-10-21,114,69,62,-4,49,3:14,1,52,
393,Lion's Mane,Iron & Wine,2002-09-24,88,35,60,-11,62,2:50,88,43,
394,Firewater,Django Django,2012-08-21,142,73,71,-5,70,4:50,1,32,
395,The Underdog,Spoon,2007-07-10,145,53,69,-11,91,3:42,7,61,
396,Awake,Electric Guest,2012-01-01,111,59,57,-7,81,5:01,2,46,
397,Fantasy Island,The Shins,2017-03-10,100,69,50,-8,65,4:47,6,47,
398,Home,LCD Soundsystem,2010-05-17,124,84,75,-9,78,7:53,5,57,
399,Belated Promise Ring,Iron & Wine,2009-05-19,88,51,56,-11,88,3:46,82,40,
400,Young Folks,Peter Bjorn and John,2007-02-20,138,82,70,-6,67,4:39,2,65,
401,Perfect World,Broken Bells,2014-06-10,156,89,55,-7,77,6:24,2,51,
402,Kahlil Gibran,STRFKR,2013-02-12,85,64,68,-8,35,4:01,27,57,
403,Stillness Is The Move,Dirty Projectors,2009-06-09,76,54,57,-6,53,5:14,11,43,
404,Phantom Limb,The Shins,2007-01-23,120,87,52,-4,50,4:48,0,59,
405,Impossible Germany,Wilco,2007-05-11,105,73,55,-6,51,5:57,58,50,
406,In The Morning Of The Magicians,The Flaming Lips,2002-05-13,134,73,30,-6,37,6:19,23,48,
407,The Breeze,Dr. Dog,2008-07-22,90,54,61,-8,32,3:59,76,62,
408,Tokyo,The Books,2011-01-25,97,57,62,-8,54,3:43,91,35,
409,Cellphone's Dead,Beck,2006-01-01,108,71,76,-6,74,4:46,18,42,
410,Funtimes in Babylon,Father John Misty,2012-05-01,105,49,54,-8,36,3:40,74,54,
411,If She Wants Me,Belle & Sebastian,2003,90,69,65,-8,86,5:05,27,41,
412,"Unaccompanied Cello Suite No. 1 in G Major, BWV 1007: I. Prélude",Johann Sebastian Bach,1983,73,16,28,-19,30,2:32,89,71,
413,When U Love Somebody,Fruit Bats,2003-04-08,121,76,72,-6,59,4:31,12,58,
414,Cello Song Feat. Jose Gonzales,The Books,2013-10-15,117,47,65,-13,49,3:54,61,44,
415,That Old Black Hole,Dr. Dog,2012-02-07,101,88,53,-5,64,3:21,8,45,
416,Whole Wide World,Wreckless Eric,1978,114,55,75,-9,88,2:53,53,42,
417,Today Is the Day,Yo La Tengo,2003-04-08,119,40,61,-15,27,5:35,94,49,
418,Ladies and Gentlemen We Are Floating in Space,Spiritualized,1997-06-16,100,41,38,-11,18,3:54,75,55,
419,Let Me Go,Cake,1998,109,64,77,-8,94,3:30,5,49,
420,Group Autogenics I,The Books,2010-07-20,95,33,82,-14,43,3:44,46,30,
421,Penelope,Pinback,2001,118,48,81,-15,51,4:47,71,44,
422,Ram On - 2012 Remaster,Paul McCartney,1971-05-17,128,42,61,-12,56,2:30,85,44,
423,Don't You Evah,Spoon,2007-07-10,121,62,77,-7,96,3:37,4,54,
424,Embryonic Journey,Jefferson Airplane,1967,108,35,29,-14,49,1:52,80,56,
425,Section 12 (Hold Me Now),The Polyphonic Spree,2004-07-13,149,79,25,-6,46,4:31,27,38,
426,Either Way,Wilco,2007-05-11,75,55,54,-10,34,3:06,60,44,
427,How Long Must I Wait,Dr. Dog,2012-02-07,90,93,51,-4,43,3:40,18,46,
428,The Mystery Zone,Spoon,2010-01-19,119,55,79,-7,73,4:59,36,37,
429,Go It Alone,Beck,2005-01-01,75,40,86,-10,53,4:09,60,54,
430,Narcolepsy,Ben Folds Five,1999-04-27,117,52,37,-8,16,5:24,4,31,
431,Vincent O'Brien,M. Ward,2003-02-18,126,71,63,-7,76,2:38,47,44,
432,I Am The Changer,Cotton Jones,2009-01-27,122,53,63,-10,45,6:35,78,55,
433,Shadow Stabbing,Cake,2001-07-23,131,57,84,-8,82,3:07,5,51,
434,Loro,Pinback,1999,135,34,88,-13,75,3:34,81,46,
435,Foux Du Fafa,Flight of the Conchords,2008-04-22,101,75,73,-9,63,2:46,8,44,
436,California Stars,Billy Bragg,1998,110,74,62,-9,72,4:59,42,54,
437,Dream A Little Dream Of Me - Album Version With Introduction,The Mamas & The Papas,1968-05,134,32,46,-13,33,3:14,82,57,
438,The Way We Get By,Spoon,2002-08-20,75,67,72,-6,62,2:40,34,51,
439,Strangers in the Night,Cake,2007-11-13,90,41,73,-11,66,2:52,30,46,
440,While You Wait For The Others,Grizzly Bear,2009-05-24,80,46,55,-8,33,4:30,53,46,
441,Peace Like a River,Paul Simon,1972-01-14,127,34,64,-14,67,3:23,87,43,
442,Fresh Feeling,Eels,2001,94,73,76,-8,51,3:37,5,38,
443,Our Way to Fall,Yo La Tengo,2000-02-22,78,24,56,-15,55,4:18,72,56,
444,Carol Brown,Flight of the Conchords,2009-10-20,149,67,74,-9,79,3:27,41,46,
445,Le temps de l'amour - Remastered,Françoise Hardy,2017-08-13,132,42,58,-11,75,2:24,61,48,
446,If I Ever Was a Child,Wilco,2016-09-09,134,55,68,-12,77,2:56,49,59,
447,One Of These Things First,Nick Drake,1970-01-01,90,38,61,-18,71,4:51,84,50,
448,Where'd All the Time Go?,Dr. Dog,2010-11-02,166,82,45,-4,57,3:55,13,63,
449,Everything Hits At Once,Spoon,2001-02-20,123,57,79,-8,56,4:04,21,47,
450,Excuses,The Morning Benders,2010,96,81,44,-6,49,5:17,37,54,
451,Feeling Yourself Disintegrate,The Flaming Lips,1999-05-17,145,63,40,-9,47,5:17,0,40,
452,What's in It For?,Avi Buffalo,2010-04-27,116,83,51,-6,60,5:09,49,43,
453,Mexico,Cake,1998,149,43,60,-10,46,3:26,23,47,
454,Modern Guilt,Beck,2008-01-01,150,50,74,-7,61,3:12,6,42,
455,It's Only Life,The Shins,2012-03-16,148,62,63,-7,45,4:02,5,53,
456,The Spark That Bled,The Flaming Lips,1999-05-17,130,55,29,-12,20,5:55,35,38,
457,Sons & Daughters,The Decemberists,2006-10-03,115,56,33,-8,24,5:14,22,49,
458,Colored Emotions,Night Moves,2012-10-16,99,65,48,-5,23,4:20,61,50,
459,Who Knows Who Cares,Local Natives,2010-02-16,78,59,43,-6,25,3:53,41,52,
460,Green Aisles,Real Estate,2011-10-18,104,78,48,-5,56,5:01,6,49,
461,Mean Streets,Tennis,2015-05-12,145,68,55,-6,86,3:23,17,43,
462,Kicking The Heart Out,Rogue Wave,2004-07-13,125,32,59,-10,43,4:15,47,30,
463,Sleep Apnea,Beach Fossils,2013-02-19,80,69,55,-11,50,2:26,14,59,
464,Stronger Than That,Bahamas,2014-08-19,96,55,75,-4,86,2:37,46,53,
465,Sarah (Bonus Track),(Sandy) Alex G,2015-03-24,124,69,65,-5,50,2:56,51,52,
466,Birds Dont Sing,TV Girl,2014-06-05,107,94,61,-5,81,3:29,2,59,
467,Live in Dreams,Wild Nothing,2010-05-25,143,87,54,-8,63,3:26,24,47,
468,Airplanes,Local Natives,2010-02-16,96,53,59,-8,59,3:58,53,50,
469,Gap in the Clouds,Yellow Days,2016-11-18,140,54,58,-8,20,4:40,59,65,
470,Plants,Crumb,2017-05-24,81,41,49,-11,22,3:12,61,57,
471,Put a Flower in Your Pocket,The Arcs,2015-08-28,126,38,49,-9,43,3:55,0,59,
472,I'm On Standby,Grandaddy,2003-05-13,105,68,57,-8,42,3:12,0,30,
473,"Archie, Marry Me",Alvvays,2014-07-18,117,83,27,-5,21,3:17,1,60,
474,Hail Bop,Django Django,2012-08-21,124,75,62,-7,53,4:04,1,36,
475,Mystery of Love (From the Original Motion Picture “Call Me by Your Name”),Sufjan Stevens,2017-12-01,132,27,37,-17,24,4:09,94,65,
476,Cubism Dream,Local Natives,2010-02-16,105,52,66,-9,80,4:00,57,40,
477,Big Black Car,Gregory Alan Isakov,2009-05-15,110,18,57,-16,40,3:37,90,68,
478,Dave’s Song,Whitney,2016-06-03,142,47,59,-8,36,3:01,35,58,
479,Chinatown,Wild Nothing,2010-05-25,126,68,53,-5,16,3:19,2,49,
480,White Horses,Darlingside,2015-09-18,77,46,50,-10,46,4:13,25,48,
481,Next To You,Poolside,2012-07-09,94,76,79,-5,96,4:23,15,48,
482,Leave It In My Dreams,The Voidz,2018-03-30,119,75,60,-5,61,3:59,2,60,
483,Nature's Child,The Arcs,2015-08-28,140,33,51,-13,37,3:12,40,42,
484,Stella Blue,Local Natives,2016-05-20,81,62,42,-7,24,4:39,1,48,
485,Saturday,Real Estate,2017-03-17,131,72,53,-6,21,4:43,7,60,
486,Grease,Flo Morrissey and Matthew E. White,2017-01-13,98,64,84,-7,63,4:21,5,36,
487,Lady and Man,Khruangbin,2018-01-26,82,69,73,-8,90,4:18,0,59,
488,Maud Gone,Car Seat Headrest,2015-10-30,105,36,53,-7,21,5:58,3,52,
489,Stay Away,Charles Bradley,2011,89,71,77,-5,64,3:12,9,50,
490,Beautiful Blue Sky,Ought,2015-09-18,123,73,62,-6,56,7:44,7,50,
491,Would You Want Me,Generationals,2014-09-12,100,56,76,-9,71,3:53,37,48,
492,Road Head,Japanese Breakfast,2017-07-14,95,67,54,-9,17,3:15,10,62,
493,Leon,The Japanese House,2016-11-11,121,35,46,-10,23,3:36,91,51,
494,Fiction,Kygo,2016-05-13,110,80,72,-6,43,4:04,2,61,
495,Unfold,Alina Baraz,2015-05-19,112,50,63,-9,19,4:32,67,64,
496,00000 Million - Recorded at Spotify Studios NYC,Ella Vos,2017-04-05,146,28,59,-13,11,2:50,24,54,
497,Heading Home,Gryffin,2016-01-22,118,92,58,-4,25,4:31,1,59,
498,Goliath (feat. Jody Brock),Elephante,2016-09-14,128,90,68,-3,51,3:13,2,46,
499,Girls Just Wanna Have Fun - Recorded at Spotify Studios NYC,Charlotte Lawrence,2018-03-21,110,38,68,-9,8,2:44,67,55,
500,Written In The Scars (feat. Wrabel),Galantis,2017-09-15,100,64,59,-5,35,3:24,8,54,
501,So It Goes...,Taylor Swift,2017-11-10,150,61,56,-7,40,3:48,12,66,
502,Sister,The Japanese House,2015-04-27,114,28,31,-13,9,3:44,91,42,
503,Teacher,PRETTYMUCH,2017-09-29,180,63,52,-5,39,3:15,2,67,
504,Koto,ODESZA,2014-09-08,100,65,50,-7,10,3:14,1,53,
505,Light On,Quinn XCII,2016-03-11,83,63,67,-9,43,3:43,15,52,
506,Don't Belong,Zak Abel,2015-08-28,103,79,78,-7,53,3:19,15,46,
507,Money On Me,Snakehips,2016-04-15,115,79,76,-6,45,2:54,27,56,
508,Europa Pools (feat. Kacy Hill),Cashmere Cat,2017-04-28,134,53,43,-6,10,3:25,44,41,
509,How You Get The Girl,Taylor Swift,2014-10-27,120,68,76,-6,55,4:08,0,57,
510,Breathe Life,Jack Garratt,2016-02-19,104,61,60,-8,24,4:23,0,44,
511,With You,Kygo,2017-11-03,101,81,62,-5,34,3:31,42,65,
512,Aftertaste (feat. Opia),Whethan,2017-12-15,113,64,54,-6,61,2:40,29,63,
513,Native Tongue,Quinn XCII,2015-04-28,135,67,59,-5,26,2:58,37,56,
514,Open Arms,PRETTYMUCH,2017-10-27,140,43,69,-6,21,3:06,15,69,
515,Blackbird,Sam Feldt,2017-11-24,118,74,70,-7,17,3:00,20,61,
516,Days With You,Snakehips,2014-08-11,95,80,60,-5,89,3:33,7,52,
517,FHKD (feat. Kill J),HONNE,2016-09-30,120,60,71,-7,35,4:09,3,53,
518,Down in Flames,Ella Vos,2017-11-17,137,47,79,-6,5,3:08,9,62,
519,Sunrise,Kygo,2017-11-03,100,60,64,-7,48,3:35,21,72,
520,Mango Tree,Zac Brown Band,2015-04-28,142,45,59,-6,45,3:41,13,49,
521,Butterflies,Kacey Musgraves,2018-03-30,142,61,69,-6,41,3:39,25,68,
522,Comin' Around,Josh Thompson,2011-12-11,80,75,46,-5,37,3:01,13,37,
523,Long Line of Losers,Montgomery Gentry,2008-06-06,148,73,53,-6,52,3:49,0,55,
524,I'm Tryin',Trace Adkins,2010-10-08,80,69,56,-5,44,3:42,41,36,
525,Just Wanna Rock N’ Roll,Rodney Atkins,2011-10-04,150,96,57,-3,79,3:56,14,36,
526,Fish,Craig Campbell,2011-04-05,160,67,63,-6,58,2:48,16,53,
527,Long Haul,Zac Brown Band,2017-05-12,159,66,37,-6,46,3:32,1,51,
528,Redneck Yacht Club,Craig Morgan,2005-03-08,168,82,49,-5,81,3:50,46,65,
529,Gone,Montgomery Gentry,1999,119,90,65,-5,55,4:09,2,48,
530,21 Summer,Brothers Osborne,2016-01-15,112,89,65,-7,59,3:34,3,66,
531,Swimmin' In Sunshine,Billy Currington,2008-01-01,180,87,51,-3,73,4:46,3,37,
532,Asking For A Friend,Devin Dawson,2018-01-19,123,53,71,-8,45,3:59,24,61,
533,In A Song - Encore,Hunter Hayes,2011,83,61,33,-7,41,4:18,8,38,
534,Scarecrow,Montgomery Gentry,2002-08-19,96,83,62,-5,72,3:21,7,33,
535,Tell A Country Boy,Rodney Atkins,2010-06-29,77,80,55,-3,69,3:32,21,43,
536,Land Of A Million Songs,Luke Bryan,2017-12-08,150,86,53,-3,51,3:31,7,52,
537,Unwind It,Dustin Lynch,2012-08-21,100,86,63,-4,64,3:18,19,35,
538,My Next 30 Years,Phil Vassar,2011-11-22,100,83,53,-6,45,2:48,2,37,
539,Got My Country On,Chris Cagle,2012-09-07,160,84,50,-5,54,3:54,20,48,
540,Dollar Store,Walker Hayes,2017-12-08,88,91,71,-7,92,3:17,32,44,
541,Absolutely Nothing,Randy Houser,2013-01-22,123,87,68,-4,73,3:03,8,35,
542,All Day Long,Billy Currington,2010-01-01,174,83,52,-4,57,3:48,5,38,
543,Good Ole American Way,Justin Moore,2009-01-01,83,82,43,-5,65,2:47,7,44,
544,One In Every Crowd,Montgomery Gentry,2008-06-06,111,86,64,-4,67,3:31,0,54,
545,Rum,Brothers Osborne,2016-01-15,121,64,83,-6,89,3:33,47,56,
546,Colder Weather,Zac Brown Band,2010-09-20,136,38,67,-7,20,4:34,46,65,
547,Little Sundress,Chris Cagle,2008-02-19,120,79,64,-5,80,4:02,5,31,
548,Stars in the City,Old Dominion,2017-08-25,114,81,66,-5,67,3:20,13,59,
549,The Clothes Don't Make The Man,Keith Anderson,2005,107,80,65,-4,59,4:19,7,42,
550,Heart Shaped Locket,Brothers Osborne,2016-01-15,120,76,71,-6,63,3:37,30,54,
551,Cold Beer With Your Name On It,Josh Thompson,2013-07-23,153,69,59,-4,53,3:21,7,49,
552,That's How Country Boys Roll,Billy Currington,2011-01-01,121,92,68,-3,89,3:44,7,48,
553,Shoe Shopping,Old Dominion,2017-08-25,88,61,72,-7,68,3:42,58,56,
554,Beer Can,Luke Combs,2017-06-02,148,84,54,-5,75,3:31,0,62,
555,Masollan,Balmorhea,2012-02-10,91,33,46,-13,18,5:13,32,62,
556,Bless This Morning Year,Helios,2009-01-16,100,17,55,-17,4,6:02,96,53,
557,"So Long, Lonesome",Explosions In The Sky,2007-02-20,105,36,44,-12,4,3:40,74,56,
558,Wake Me,Message To Bears,2012,107,56,35,-11,38,5:31,52,44,
559,Passage,Lowercase Noises,2012-11-28,137,27,38,-12,9,5:48,15,52,
560,Bowsprit,Balmorhea,2010-02-23,92,18,33,-11,17,5:17,42,49,
561,Þú ert jörðin,Ólafur Arnalds,2010-05-07,168,8,12,-21,4,4:34,98,68,
562,Amreik,Eluvium,2007-06-19,84,16,8,-18,3,3:18,99,58,
563,Happiness,Jónsi & Alex,2009-07-21,138,25,15,-16,4,9:21,87,52,
564,Where the Trees Are Painted White,The Soul's Release,2016-01-07,183,34,35,-13,6,5:00,9,17,
565,The Box,36,2009-01-06,150,30,31,-17,4,4:56,96,23,
566,Aegina Airlines,The Dead Texan,2004-10-04,106,8,16,-25,4,2:49,98,49,
567,Truth (Helios Remix),Balmorhea,2009-04-08,126,46,45,-16,14,3:45,84,57,
568,The Hungry Years,Lowercase Noises,2014-05-14,184,31,32,-12,11,4:40,45,33,
569,The Long Spring,Explosions In The Sky,2004-05-04,108,41,29,-15,4,5:34,30,45,
570,Life During Wartime - 2005 Remastered Version,Talking Heads,1979-08-03,133,93,80,-7,97,3:41,8,50,
571,Follow Your Bliss,The B-52's,1989-06-23,99,60,66,-8,89,4:09,1,35,
572,Age Of Consent - 2015 Remastered Version,New Order,1983-05-02,162,91,37,-6,76,5:15,0,65,
573,Police & Thieves - Remastered,The Clash,1977,152,49,72,-10,88,6:03,3,52,
574,The Big Country - 2005 Remastered Version,Talking Heads,1978-07-14,111,56,71,-8,83,5:33,17,52,
575,(Funny) Bone,CHIC,1978-08-11,100,60,86,-10,85,3:25,2,40,
576,Jungle Boogie,Kool & The Gang,1973-09,107,85,81,-9,75,3:07,13,56,
577,Your Silent Face - 2015 Remastered Version,New Order,1983-05-02,118,78,64,-10,79,6:00,1,54,
578,Spanish Bombs,The Clash,1979,149,80,61,-8,77,3:19,5,54,
579,Once In A Lifetime - 2005 Remastered Version,Talking Heads,1980-10-08,117,92,64,-6,87,4:20,18,66,
580,Video Killed The Radio Star,The Buggles,1980-01-10,131,64,70,-14,32,4:14,11,63,
581,Vitamin C - 2004 Remastered Version,CAN,1972,117,64,64,-13,85,3:34,1,48,
582,Regret - 2015 Remastered Version,New Order,1993-05-03,130,93,51,-6,87,4:09,0,55,
583,Pull Up The Roots - 2005 Remastered Version,Talking Heads,1983-05-31,126,67,77,-8,82,5:10,7,46,
584,Glamour Profession,Steely Dan,1980,118,49,76,-9,66,7:32,51,43,
585,Rudie Can't Fail,The Clash,1979,97,68,64,-9,68,3:29,0,53,
586,Little Girls,Oingo Boingo,1981-01-01,172,82,62,-11,74,3:44,3,42,
587,Strobe Light,The B-52's,1980,117,85,66,-7,96,4:00,0,36,
588,What A Fool Believes,The Doobie Brothers,1977,121,62,65,-9,98,3:40,27,66,
589,Mad World,Tears For Fears,1983-03-07,119,90,65,-6,95,3:35,7,56,
590,Dim All The Lights,Donna Summer,1979-01-01,121,62,80,-14,83,4:41,4,43,
591,Girlfriend Is Better - Live,Talking Heads,1984,127,79,65,-8,83,5:06,4,47,
592,Overpowered by Funk,The Clash,1982,126,83,78,-9,94,4:52,11,42,
593,Midnite Cruiser,Steely Dan,1972-01-01,99,64,65,-10,74,4:08,27,48,
594,Heartbreak Beat,The Psychedelic Furs,1987-03-17,123,69,54,-11,68,5:09,16,43,
595,Pow Pow,LCD Soundsystem,2010-05-17,126,84,79,-10,78,8:23,0,39,
596,Houses In Motion - 2005 Remastered Version,Talking Heads,1980-10-08,102,76,74,-10,96,4:33,68,45,
597,Straight to Hell,The Clash,1982,90,60,80,-12,71,5:31,5,57,
598,Dry County,The B-52's,1989-06-23,117,71,81,-10,96,4:55,6,35,
599,Personal Jesus - Original Seven Inch Version,Depeche Mode,1989,130,68,64,-12,71,3:45,1,60,
600,Do It Again,Steely Dan,1972-01-01,125,55,68,-10,96,5:57,25,64,
601,Making Flippy Floppy - Live,Talking Heads,1984,128,87,61,-9,81,4:40,9,46,
602,Temptation,New Order,2011-06-03,126,74,78,-9,65,5:25,0,52,
603,Rock the Casbah - Remastered,The Clash,1982,130,87,80,-7,87,3:42,29,71,
604,Game Ain't Based On Sympathy,Rick Ross,2017-03-17,78,82,54,-4,52,3:45,1,50,
605,Hopes & Dreams,Wiz Khalifa,2011-03-29,141,63,64,-7,58,3:59,14,54,
606,Ov3r,Flosstradamus,2011-11-29,113,87,72,-7,46,2:23,21,24,
607,8 Bit Superhero,Excision,2011-10-10,140,92,38,-3,14,4:56,0,41,
608,Hadouken,Zeds Dead,2014-07-01,145,84,76,-5,32,4:00,9,42,
609,Fly Or Die,N.E.R.D,2004-03-23,176,90,57,-5,68,3:32,12,35,
610,Exploder,Audioslave,2002-11-17,83,89,54,-4,65,3:26,0,50,
611,Vancouver Beatdown - Original Mix,Zomboy,2012-09-03,128,88,64,-1,75,5:24,0,41,
612,Scio,Jay Hardway,2017-03-13,120,77,64,-5,4,3:16,0,49,
613,Bambini,Mike Williams,2017-01-09,128,92,48,-5,11,2:42,0,59,
614,Cape Town Get Down,Flosstradamus,2010-10-25,136,94,78,-7,38,5:32,0,21,
615,Dilate,DROELOE,2016-10-13,150,88,67,-6,36,3:31,6,38,
616,Lavish (feat. Pharrell Williams),Twista,2005-10-03,136,79,81,-6,46,3:42,38,32,
617,RAW,San Holo,2016-07-18,90,86,66,-3,15,3:45,5,47,
618,Sippin' Tha Barre,Paul Wall,2005-07-19,142,77,76,-4,41,4:39,1,38,
619,Live by the Gun (feat. RA Diggs & Uncle Murda),Waka Flocka Flame,2010-10-01,77,86,38,-3,56,4:10,12,39,
620,Sleepwalk,KSHMR,2016-05-13,126,91,49,-3,32,3:43,2,44,
621,The Devil Is A Lie,Rick Ross,2014-01-01,103,83,68,-4,60,5:11,0,58,
622,How U Feel,Huncho Jack,2017-12-21,140,79,86,-3,44,3:26,5,66,
623,Nuclear (Album Version) - Original Mix,Zomboy,2014-08-04,174,98,48,-1,34,6:19,1,48,
624,Come On (feat. Sadat X),The Notorious B.I.G.,1999,89,74,76,-5,52,4:38,30,56,
625,Little Bit of This (feat. Vince Staples),GTA,2016-10-07,118,77,84,-6,55,2:48,1,56,
626,MTRD,NGHTMRE,2015-03-09,128,88,68,-5,25,4:15,0,40,
627,The Devil's Den,Skrillex,2011-12-27,128,95,62,-3,32,4:53,0,55,
628,The Grave feat. Gabriella Hook - Original Mix,Apashe,2014-10-14,130,73,71,-7,37,5:32,0,45,
629,Thanks A Million,Jay Hardway,2017-09-04,120,81,66,-9,46,3:36,1,43,
630,Ransacked II (feat. Lespecial),Space Jesus,2015-11-20,75,65,59,-6,17,4:29,0,31,
631,Organ Donor - Original Mix,Zomboy,2011-08-22,140,95,54,-5,64,3:59,1,36,
632,Breakn' A Sweat,Skrillex,2011-12-27,140,92,60,-2,23,5:02,0,57,
633,SPEED TRAP,JOYRYDE,2016-11-04,128,84,65,-4,10,3:50,2,51,
634,Somnia,Jay Hardway,2016-09-19,120,82,55,-6,21,2:48,0,42,
635,Moon Rock,Huncho Jack,2017-12-21,143,73,72,-4,20,2:31,1,65,
636,All I Blow Is Loud,Juicy J,2013-12-06,130,73,91,-5,9,3:38,1,47,
637,Plasticities,Andrew Bird,2007,147,50,61,-11,68,4:28,46,38,
638,Sleeping Lessons,The Shins,2007-01-23,115,51,52,-8,18,3:58,19,58,
639,I Walked,Sufjan Stevens,2010-10-12,130,45,59,-13,73,5:03,68,44,
640,I Will Possess Your Heart,Death Cab for Cutie,2008-04-29,133,62,61,-9,58,8:26,42,57,
641,New Slang,The Shins,2001-06-19,130,39,67,-12,65,3:51,61,71,
642,Flume,Bon Iver,2008-02-19,133,14,44,-17,9,3:39,93,61,
643,El Pico,Ratatat,2004,98,64,73,-6,52,4:42,23,40,
644,We Will Become Silhouettes,The Postal Service,2003-02-19,155,57,59,-8,14,5:01,3,49,
645,Girls Just Want to Have Fun,STRFKR,2012-01-10,120,70,76,-6,74,3:08,4,52,
646,The Man of Metropolis Steals Our Hearts,Sufjan Stevens,2005-07-05,145,36,55,-9,45,6:17,68,44,
647,Canon,Justice,2011-10-24,111,82,65,-5,35,3:39,4,42,
648,When I'm Small,Phantogram,2009,92,76,65,-4,42,4:09,19,62,
649,Shift - Alternate Version,Grizzly Bear,2007-11-05,80,30,50,-15,30,3:33,84,42,
650,Fortress,Pinback,2004-10-12,117,60,80,-8,95,4:10,9,45,
651,"Sodom, South Georgia",Iron & Wine,2004-03-23,121,20,73,-14,54,4:59,90,46,
652,Measuring Cups,Andrew Bird,2005-02-08,94,40,56,-12,38,2:52,78,39,
653,The Predatory Wasp of The Palisades Is Out To Get Us,Sufjan Stevens,2005-07-05,153,42,47,-11,31,5:23,92,51,
654,Alley Cats,Hot Chip,2010-02-01,126,53,73,-8,59,5:20,47,44,
655,Neckbrace,Ratatat,2010-06-07,120,89,76,-4,65,4:06,1,46,
656,The Look,Metronomy,2011-04-11,85,54,64,-8,50,4:38,62,68,
657,Shining Bright Despite The Plight,Pretty Lights,2010-10-22,90,80,62,-6,48,5:56,4,41,
658,Jacksonville,Sufjan Stevens,2005-07-05,140,45,60,-9,58,5:25,36,50,
659,Tiger Mountain Peasant Song,Fleet Foxes,2008-06-03,131,15,65,-12,29,3:29,93,51,
660,Loud Pipes,Ratatat,2006-08-22,88,70,72,-7,86,3:47,11,61,
661,The Warning,Hot Chip,2006-05-22,130,61,73,-10,44,4:52,9,60,
662,The Ghost Inside,Broken Bells,2010-03-03,104,70,87,-5,98,3:18,6,59,
663,Take Five,The Dave Brubeck Quartet,1959,174,26,45,-13,60,5:24,54,65,
664,"Gloria's Step - Take 1, interrupted",Bill Evans Trio,2005,84,30,46,-20,41,5:41,86,38,
665,Old Devil Moon,Chet Baker,2010-01-01,163,21,50,-17,43,2:58,90,40,
666,Take Ten,Paul Desmond,1997-08-26,74,18,47,-16,52,3:07,53,47,
667,Ponta de Areia,Wayne Shorter,1975,177,37,30,-8,26,5:16,93,48,
668,Peace Piece,Bill Evans,1959,47,3,44,-20,7,6:44,99,58,
669,Israel,Bill Evans Trio,1961,94,28,57,-17,39,6:10,70,27,
670,It's Always You - Vocal,Chet Baker,1956,82,3,50,-22,31,3:35,92,61,
671,Hymn To Freedom,Oscar Peterson Trio,2010-01-01,84,11,58,-21,20,5:34,97,40,
672,Everytime We Say Goodbye,John Coltrane,1961,122,12,45,-22,10,5:45,80,52,
673,Night and Day,Art Tatum,2009-01-01,143,31,46,-16,66,1:27,98,33,
674,Far Wes,Wes Montgomery,1958,104,14,63,-18,45,5:56,90,35,
675,Remember - 1999 Digital Remaster,Hank Mobley,1999-03-11,165,40,54,-9,70,5:42,79,60,
676,I Fall In Love Too Easily - Vocal,Chet Baker,1956,129,7,53,-19,29,3:21,94,63,
677,Limbo Jazz,Coleman Hawkins,2015-04-02,81,47,72,-11,87,5:14,70,37,
678,Delilah,Clifford Brown,1989-01-01,143,20,49,-16,50,8:07,90,29,
679,My Foolish Heart,Bill Evans Trio,1961,115,11,40,-23,13,4:57,93,49,
680,D & E,Oscar Peterson Trio,1964,124,25,58,-16,51,5:14,60,27,
681,Let's Get Lost,Chet Baker,1989-08-23,78,24,51,-15,51,3:45,77,54,
682,Moanin',Art Blakey & The Jazz Messengers,1989-11-22,126,23,61,-19,45,9:36,83,59,
683,Bye Bye Blackbird,Ron Carter,2006,140,24,54,-19,32,5:28,55,39,
684,As This Moment Slips Away,Joshua Redman,2015-05-26,91,43,53,-10,54,6:53,79,48,
685,Going Home,Charlie Haden,2012,90,2,43,-28,21,4:10,96,39,
686,Blue Train - 2003 Digital Remaster,John Coltrane,1958,137,50,48,-8,56,9:58,75,35,
687,Better Git It in Your Soul,Charles Mingus,1959,89,55,46,-12,76,7:21,11,54,
688,Sweet Lorraine,Art Tatum,2014-09-01,80,22,52,-19,78,2:35,99,31,
689,I Get Along Without You Very Well (Except Sometimes) - Vocal,Chet Baker,1956,103,3,44,-23,21,3:00,92,56,
690,A Day In The Life,Wes Montgomery,1967-01-01,98,35,50,-11,35,5:50,56,46,
691,Skating In Central Park - Digitally Remastered,Bill Evans,1962,124,3,48,-25,15,5:24,99,60,
692,Blinuet,Zoot Sims,2012-11-08,165,39,45,-9,70,4:39,69,41,
693,"Mercy, Mercy, Mercy - Live",Cannonball Adderley,1997,84,43,54,-10,35,5:13,72,49,
694,Monday in Manhattan (arr. A. Tatum),Art Tatum,2011-04-01,95,27,57,-15,70,2:20,97,38,
695,Haunted Heart,Bill Evans Trio,1961,85,6,36,-21,15,3:26,98,25,
696,143,Musiq Soulchild,2000-01-01,88,55,58,-9,21,4:58,8,38,
697,Cold War,Cautious Clay,2017-09-22,77,56,64,-9,35,3:23,20,66,
698,Venezuela Trains,Ravyn Lenae,2016-07-29,128,61,79,-7,16,4:10,38,53,
699,His Pain,BJ The Chicago Kid,2012-02-21,166,42,45,-11,77,5:29,87,51,
700,Didn't I,HONNE,2015-05-01,77,53,59,-7,44,3:25,3,36,
701,So Badly (Single Version),JMSN,2018-01-24,78,62,66,-6,68,4:16,15,52,
702,Sticking to My Guns,PJ Morton,2017-04-21,109,64,77,-10,78,3:42,21,40,
703,Transform (feat. Charlotte Day Wilson),Daniel Caesar,2017-08-25,69,29,50,-11,35,4:41,51,65,
704,Sex X Money X Sneakers,BJ The Chicago Kid,2012-02-21,174,86,56,-5,56,3:32,0,41,
705,Gonna Be Alright (F.T.B.) [feat. Ledisi],Ledisi,2012-02-24,91,48,47,-7,19,6:10,22,50,
706,Nights,Frank Ocean,2016-08-20,90,55,47,-9,42,5:07,42,77,
707,Sleep Talking,Ravyn Lenae,2016-07-29,156,68,78,-5,57,4:14,26,50,
708,Vietcong,Gary Bartz Ntu Troop,1971-01-01,98,50,53,-10,60,5:18,22,5,
709,Rolling Hills,Jill Scott,2011-06-21,74,58,47,-7,44,4:47,19,47,
710,Marceline,Willow,2015-01-11,130,45,71,-7,23,2:17,28,60,
711,The Hardest Button To Button,The White Stripes,2003,128,52,69,-8,55,3:32,1,57,
712,Put Me Thru,Anderson .Paak,2016-01-15,108,79,73,-4,61,2:41,5,59,
713,Familiar,Donnie Trumpet & The Social Experiment,2015-06-30,104,39,80,-10,58,3:54,28,54,
714,Riot,Childish Gambino,2016-12-02,91,95,50,-6,61,2:05,0,54,
715,Good Morning,Kanye West,2007-01-01,170,65,58,-6,57,3:15,9,65,
716,A+E (feat. Kandaka Moore & Nikki Cislyn),Clean Bandit,2014-06-02,115,52,81,-8,38,4:07,1,36,
717,Heart Don't Stand a Chance,Anderson .Paak,2016-01-15,94,55,69,-6,51,5:12,17,63,
718,Coast Is Clear,Skrillex,2014-03-14,80,80,62,-4,13,4:04,21,51,
719,Not Today,Twenty One Pilots,2015-05-15,115,71,77,-5,53,3:58,6,66,
720,Day By Day,Dirty Heads,2012-06-19,90,56,79,-7,41,3:35,44,54,
721,Die Young,Max Frost,2015-09-25,104,40,86,-9,38,3:08,23,55,
722,Special Occasion - feat. Tank,Diggy,2012-03-19,92,81,64,-6,70,3:53,10,18,
723,Blur My Hands (feat. Guy Sebastian),Lupe Fiasco,2015-01-20,80,83,43,-6,35,5:28,1,42,
724,So Hard To Breathe,B.o.B,2012-04-27,85,82,54,-5,38,4:21,2,43,
725,Don't Care,Galantis,2015-06-05,128,86,50,-4,31,3:45,1,48,
726,Pirates,Rick Ross,2012-01-01,143,73,58,-6,49,3:23,13,46,
727,Wake Me,Bleachers,2014-07-11,118,37,82,-11,46,2:44,10,58,
728,Through The Wire,Kanye West,2004-02-13,83,75,55,-6,62,3:41,1,64,
729,Wouldn't Get Far,The Game,2006-01-01,94,76,44,-5,69,4:11,15,51,
730,When Can We,KYLE,2013-08-05,130,85,56,-4,70,3:05,2,44,
731,The Dreamer,Anderson .Paak,2016-01-15,165,78,52,-4,39,5:40,32,57,
732,Stoney,Saba,2016-10-27,159,64,74,-7,70,3:31,30,59,
733,Hymn of Reflection,KSHMR,2016-05-13,100,89,41,-3,37,4:56,1,42,
734,The Devil You Know,X Ambassadors,2017-06-06,108,70,65,-7,32,4:03,0,51,
735,Parking Lot,Anderson .Paak,2016-01-15,97,91,64,-8,70,3:54,1,61,
736,The Cool,Lupe Fiasco,2006-06-27,94,86,65,-5,41,3:47,16,44,
737,II. Shadows,Childish Gambino,2013-01-01,116,76,62,-9,38,3:52,9,56,
738,Shot By My Own Gun,Sam Feldt,2017-11-24,105,72,66,-6,52,2:43,7,59,
739,The Funeral,Band of Horses,2006-03-21,123,77,32,-5,13,5:21,1,72,
740,Are You Here,Corinne Bailey Rae,2010-01-26,98,43,43,-9,14,4:13,67,34,
741,Diane Young,Vampire Weekend,2013-05-27,87,80,42,-5,76,2:40,3,63,
742,American Daydream,Electric Guest,2012-01-01,75,49,67,-10,41,2:49,17,50,
743,Riptide,MisterWives,2014-09-15,92,68,53,-7,37,4:13,44,51,
744,Seven,Rainbow Kitten Surprise,2013-11-19,136,53,64,-7,19,3:45,5,62,
745,Wake up Everybody,John Legend,2010-09-17,94,47,64,-8,66,4:25,54,56,
746,Guru,Coast Modern,2016-05-20,140,70,76,-6,81,3:24,23,64,
747,Don't Doubt,Blind Pilot,2016-01-01,110,28,63,-10,40,4:05,50,46,
748,Step,Vampire Weekend,2013-05-27,78,72,62,-7,62,4:12,59,67,
749,Friends Like Evergreens,Lianne La Havas,2013-04-29,137,18,47,-12,23,2:57,93,37,
750,Moondance,Michael Bublé,2003,141,61,58,-6,48,4:12,63,50,
751,The Rain,Oh Wonder,2015-09-04,75,28,53,-9,20,2:54,58,53,
752,Feels Like The First Time,Corinne Bailey Rae,2010-01-26,92,65,52,-9,60,3:13,31,31,
753,The Denial Twist,The White Stripes,2005,90,76,50,-8,76,2:36,33,50,
754,Fail!,Rainbow Kitten Surprise,2013-11-19,100,68,62,-6,50,3:14,3,55,
755,Shorty Don't Wait,A Great Big World,2014-01-17,136,37,68,-8,62,4:12,77,52,
756,Lifetimes,Oh Wonder,2017-07-14,146,64,65,-5,76,3:52,37,57,
757,Bennie & The Jets - Live From SXSW 2015,BØRNS,2016-01-29,130,51,68,-10,44,3:22,9,48,
758,Call Me Irresponsible,Michael Bublé,2007-04-27,108,43,64,-8,39,3:16,59,54,
759,Holes,Electric Guest,2012-01-01,77,45,70,-9,68,2:46,7,38,
760,No Wrong,Bahamas,2018-02-16,119,22,82,-9,36,3:49,76,55,
761,What's Going On - Recorded at Spotify Studios NYC,John Legend,2016-11-30,108,24,54,-9,29,3:35,98,65,
762,Every Little Thing,Young the Giant,2011,96,53,61,-10,43,4:03,53,42,
763,Counting Cards,Rainbow Kitten Surprise,2015-04-25,110,60,76,-8,31,3:50,9,54,
764,Foreign Girls,Bleachers,2017-06-02,95,58,39,-7,38,4:02,18,51,
765,Back & Forth,Electric Guest,2017-02-17,119,40,78,-8,64,4:24,25,48,
766,Last Day . . .,Shallou,2017-05-12,190,36,43,-12,8,2:18,81,58,
767,Capri,Colbie Caillat,2007-01-01,78,5,48,-13,26,3:02,94,39,
768,Nothin On My Mind,Astronomyy,2014-07-28,90,53,67,-10,10,3:11,5,44,
769,New Day,Tom Speight,2016-07-08,120,33,50,-11,23,3:57,71,49,
770,Coffins,MisterWives,2015-02-24,76,54,47,-8,10,3:09,55,47,
771,Goodmorning,Bleachers,2017-06-02,80,45,65,-10,51,3:13,58,62,
772,Frost,Coast Modern,2017-07-28,94,28,48,-10,40,2:46,97,42,
773,Troubleman,Electric Guest,2012-01-01,122,53,47,-8,30,8:49,24,44,
774,Entertainment,Tom Odell,2016-06-10,141,33,65,-10,31,3:28,71,43,
775,Solo,Oh Wonder,2017-07-14,108,65,58,-7,33,3:25,45,53,
776,Shameful Company,Rainbow Kitten Surprise,2013-11-19,130,46,70,-12,27,3:42,37,55,
777,The Bitter End,Blind Pilot,2008-07-15,104,40,53,-9,29,3:22,87,39,
778,My Doorbell,The White Stripes,2005,97,66,61,-10,82,4:02,30,50,
779,Everlasting Arms,Vampire Weekend,2013-05-27,120,70,66,-8,53,3:03,47,52,
780,Cute - Recorded at Spotify Studios NYC,Coast Modern,2016-11-30,79,54,68,-8,67,3:40,5,53,
781,3:00 AM,AJR,2014-09-16,180,43,52,-11,33,3:45,72,45,
782,Who I Want You to Love,Bleachers,2014-07-11,165,38,51,-13,24,4:51,79,43,
783,Sign Of The Times - Spotify Studios NYC,LANY,2017-10-11,124,40,61,-10,11,5:20,5,54,
784,Since I've Been Loving You,Corinne Bailey Rae,2006,133,19,58,-12,34,4:22,93,32,
785,"Try, Tried, Tryin'",Bahamas,2009-07-21,123,31,72,-10,15,3:56,56,35,
786,Sound Of Awakening,WALK THE MOON,2017-11-10,135,43,47,-8,28,6:16,14,45,
787,Man in The Mirror - Acoustic,James Morrison,2010-06-24,94,38,68,-7,52,4:04,75,45,
788,Send Me The Moon,Sara Bareilles,2010-09-07,162,39,42,-10,23,4:58,54,57,
789,Things That Stop You Dreaming,Passenger,2012-06-29,89,52,45,-9,19,3:35,39,43,
790,Idle Town,Conan Gray,2017-03-30,77,24,63,-15,25,3:56,85,65,
791,Hockey Teeth,Bahamas,2009-07-21,104,41,74,-9,53,2:35,77,48,
792,Sim Sala Bim,Fleet Foxes,2011-05-03,107,44,41,-8,36,3:14,42,41,
793,Library Magic,The Head and the Heart,2016-09-09,90,62,43,-8,53,3:14,25,62,
794,3 Rounds and a Sound,Blind Pilot,2008-07-15,59,29,38,-12,20,4:27,84,63,
795,First Day Of My Life,Bright Eyes,2005-01-25,94,20,47,-17,38,3:09,92,72,
796,Woodland,The Paper Kites,2013-03-05,178,52,44,-10,37,3:52,54,58,
797,Tiderays,Volcano Choir,2013-09-03,121,47,45,-10,13,4:57,66,53,
798,Such Great Heights,Iron & Wine,2009-05-19,94,28,61,-11,55,4:11,81,58,
799,That Moon Song,Gregory Alan Isakov,2009-05-15,146,39,31,-13,26,3:34,63,53,
800,Wake Me,Mandolin Orange,2011-11-08,135,33,55,-12,34,4:42,95,49,
801,Last Waltz,Horse Feathers,2012-04-17,82,40,40,-9,46,3:59,82,32,
802,20 Years,The Civil Wars,2011-02-01,123,30,52,-12,35,3:02,91,48,
803,Down in the Valley,The Head and the Heart,2010,106,40,42,-11,15,5:04,56,65,
804,Second Chances,Gregory Alan Isakov,2013-07-23,155,33,38,-10,21,3:49,95,54,
805,"If You Need To, Keep Time On Me",Fleet Foxes,2017-06-16,104,22,52,-10,14,3:31,65,72,
806,Call It Dreaming,Iron & Wine,2017-06-08,80,52,52,-9,71,3:52,61,70,
807,Wildfire,Mandolin Orange,2016-07-15,121,35,65,-10,17,5:30,69,60,
808,Blood on the Snow,Horse Feathers,2006-09-26,88,17,47,-14,27,2:11,91,22,
809,The Truth Is A Cave,The Oh Hellos,2012-10-30,86,49,47,-8,22,4:01,22,45,
810,Beggar in the Morning,The Barr Brothers,2011-09-27,79,49,30,-10,18,5:55,77,48,
811,Snake Eyes,The Milk Carton Kids,2013-03-26,102,11,57,-20,11,2:38,95,38,
812,Dandelion Wine,Gregory Alan Isakov,2009-05-15,111,11,39,-16,18,3:05,76,59,
813,House Of Stone,Mandolin Orange,2013-08-16,82,17,41,-12,17,3:17,93,54,
814,I Love To Dance,Langhorne Slim,2008-08-30,121,56,50,-7,48,4:09,36,34,
815,Another Story,The Head and the Heart,2013-10-15,87,45,35,-10,11,4:34,55,65,
816,Hello My Old Heart,The Oh Hellos,2011-12-01,90,30,56,-11,30,4:16,62,65,
817,Mykonos,Fleet Foxes,2008-02-28,83,45,30,-9,34,4:35,40,65,
818,New York,The Milk Carton Kids,2011-07-19,108,22,57,-16,41,3:33,92,40,
819,Restless,Langhorne Slim,2008-02-23,129,69,53,-6,69,2:17,56,30,
820,Even the Darkness Has Arms,The Barr Brothers,2014-10-06,101,65,51,-13,75,3:51,81,71,
821,Yellow Eyes,Rayland Baxter,2015-06-16,77,68,51,-8,57,3:51,11,56,
822,Tiger Striped Sky,Roo Panes,2014-10-06,140,32,47,-10,13,4:02,94,68,
823,C'est La Mort,The Civil Wars,2011-02-01,150,17,46,-13,8,2:30,93,42,
824,Finch On Saturday,Horse Feathers,2006-09-26,86,14,38,-16,30,2:38,92,32,
825,All Shades of Blue,Gregory Alan Isakov,2013-07-23,161,30,48,-11,29,3:34,88,47,
826,Over Everything,Courtney Barnett,2017-10-13,120,87,54,-5,65,6:20,11,54,
827,San Fran,Moses Sumney,2014-04-07,109,31,29,-16,22,4:12,84,44,
828,Every Time the Sun Comes Up,Sharon Van Etten,2014-05-27,100,52,66,-9,30,4:23,39,61,
829,The Rifle,Alela Diane,2006-01-01,166,15,42,-14,19,2:43,97,29,
830,Whippoorwill,Darlingside,2016-10-07,96,58,64,-9,38,4:39,64,48,
831,One Of These Days,Bedouine,2017-12-01,82,42,72,-13,72,2:59,59,45,
832,Prism Song,Julie Byrne,2014-01-21,71,22,42,-13,14,3:37,91,51,
833,White As Diamonds,Alela Diane,2009,79,34,42,-9,27,3:38,91,24,
834,Last Words of a Shooting Star,Mitski,2014-11-11,130,17,39,-19,10,2:44,47,47,
835,AWOL Marine,Perfume Genius,2012-02-20,93,11,21,-14,4,2:48,98,33,
836,Everlasting Sigh,Moses Sumney,2016-03-29,90,62,60,-10,53,3:53,14,45,
837,We Are Fine,Sharon Van Etten,2012-11-13,108,32,45,-9,9,3:49,63,53,
838,Elvis,Annie Eve,2013-05-31,63,24,54,-10,9,3:55,79,47,
839,Motion Sickness,Phoebe Bridgers,2017-09-22,107,55,65,-9,63,3:50,77,59,
840,Learning,Perfume Genius,2010-12-06,124,27,46,-12,24,2:45,100,44,
841,"The Jester, The Tramp, & The Acrobat",Kevin Morby,2014-10-14,97,55,30,-9,28,4:22,2,35,
842,Silver John,This Is The Kit,2015-04-07,78,44,38,-8,39,3:27,69,17,
843,Lonely World,Moses Sumney,2017-09-22,125,60,41,-8,18,4:49,34,53,
844,"Me at the Museum, You in the Wintergardens",Tiny Ruins,2014-05-13,90,24,37,-14,24,2:35,91,34,
845,Billie Holiday,Warpaint,2009,101,39,52,-11,26,6:45,64,56,
846,Paul,Big Thief,2016-05-27,123,26,48,-12,17,3:04,20,61,
847,All to Myself,Amber Coffman,2017-06-02,99,50,66,-7,41,5:39,61,36,
848,Ooo,Karen O,2014-09-09,167,30,38,-8,19,1:29,85,47,
849,Everything I Saw,The Weather Station,2011,129,25,54,-16,47,2:42,90,30,
850,"Lookout, Lookout",Perfume Genius,2010-12-06,124,23,34,-11,19,2:58,99,34,
851,Tarifa,Sharon Van Etten,2014-05-27,73,33,28,-9,10,4:51,25,52,
852,In the Dirt,S. Carey,2010-08-24,150,44,45,-12,17,5:22,98,41,
853,Seattle Party,Chastity Belt,2013-08-13,134,51,53,-9,44,4:37,7,57,
854,End Come Too Soon,Wild Beasts,2011-05-10,128,45,51,-14,8,7:33,82,27,
855,Came So Easy,The Weather Station,2011,115,30,54,-16,54,3:01,87,39,
856,Continental Breakfast,Courtney Barnett,2017-10-13,90,53,49,-9,52,4:53,15,48,
857,Emotions And Math,Margaret Glaspy,2016-06-17,109,55,68,-6,66,3:17,37,47,
858,Rapt,Karen O,2014-09-09,78,33,38,-7,42,1:47,83,43,
859,El Cuarto De Tula,Buena Vista Social Club,1997-09-16,104,70,52,-13,87,7:25,64,61,
860,Bongo Bong,Manu Chao,1998-10-06,150,55,76,-10,96,2:38,94,67,
861,Hotel California (Spanish Mix),Gipsy Kings,2000-09-05,102,82,46,-9,53,5:47,53,47,
862,The Girl From Ipanema,Stan Getz,1964-04,129,14,66,-17,40,5:18,87,49,
863,Painting Silhouettes,Quantic,2014-01-01,93,53,64,-12,49,3:22,45,43,
864,Me Gustas Tu,Manu Chao,2001-06-01,176,74,66,-7,91,4:00,66,70,
865,Dos Gardenias,Buena Vista Social Club,1997-09-16,92,18,56,-18,50,3:04,82,62,
866,Senegal Fast Food,Amadou & Mariam,2005,82,91,64,-7,88,4:19,81,49,
867,Sympathique,Pink Martini,2006,129,35,57,-12,78,2:48,73,49,
868,Havana Affair,Onda Vaga,2008-01-01,96,25,74,-13,32,3:20,89,51,
869,Black Chicken 37,Buena Vista Social Club,2015-03-25,93,55,49,-16,97,3:33,77,41,
870,Desafinado,João Gilberto,2014-09-30,82,28,51,-16,70,1:57,76,49,
871,A Nightingale Sang In Berkeley Square,Stan Getz,2006-01-01,93,11,40,-19,24,6:58,97,52,
872,Last tango in Paris,Gotan Project,2000-10-31,96,72,79,-7,83,4:34,1,48,
873,Buena Vista Social Club,Buena Vista Social Club,1997-09-16,102,27,65,-18,53,4:53,83,50,
874,Tiene Sabor,Buena Vista Social Club,2015-03-25,143,66,68,-10,88,3:18,74,54,
875,Mr Bobby,Manu Chao,2001-06-01,150,55,64,-7,97,3:49,68,62,
876,Rendición,Onda Vaga,2013-04-24,127,51,67,-11,47,3:59,61,43,
877,Baja a la Tierra,Kevin Johansen,2012-06-18,82,42,60,-11,20,3:23,27,48,
878,Murmullo,Buena Vista Social Club,1997-09-16,171,20,37,-21,42,3:51,92,50,
879,Oh Que Sera,Willie Colón,2012-04-10,89,77,55,-6,50,5:04,70,44,
880,Hang on Little Tomato,Pink Martini,2006,93,20,52,-11,54,3:17,95,51,
881,Baila Me,Gipsy Kings,1991-06-28,119,87,77,-8,88,3:44,44,38,
882,La Bayamesa,Buena Vista Social Club,1997-09-16,84,15,47,-14,33,2:54,97,49,
883,"Oh, What a Waist (Pero Qué Cintura!)",Kevin Johansen,2016-06-17,94,71,67,-10,77,4:21,56,51,
884,Clocks,Rhythms Del Mundo,2006-01-01,131,58,75,-7,94,5:00,67,39,
885,Minha galera,Manu Chao,1998-10-06,130,45,87,-9,65,2:22,88,57,
886,Bodas de Oro,Buena Vista Social Club,2015-03-25,122,50,65,-9,83,4:40,71,46,
887,"Bem, Bem, Maria",Gipsy Kings,2000-09-05,118,89,68,-9,92,3:04,66,41,
888,No habra nadie en el mundo,Buika,2008-05-19,130,53,91,-9,79,3:53,75,52,
889,Talento De Televisión,Willie Colón,2010-06-07,105,80,78,-7,94,4:39,70,62,
890,Candela,Buena Vista Social Club,1997-09-16,101,58,51,-14,83,5:29,73,60,
891,Timing,Kevin Johansen,2003-11-18,88,25,68,-12,29,3:53,81,25,
892,"Hasta siempre, Comandante - Directo RNE",Compay Segundo,2007-10-30,128,41,72,-12,76,3:41,58,43,
893,Je ne t'aime plus,Manu Chao,1998-10-06,150,44,65,-13,93,2:03,91,60,
894,"Nocturne in E-Flat Major, Op. 9, No.2",Frédéric Chopin,2011-02-01,73,5,31,-25,7,3:52,99,61,
895,Rêverie,Claude Debussy,2007-07-31,62,1,25,-32,8,3:53,100,57,
896,"Trois études de concert in D-Flat Major, S. 144/ 3: Un sospiro",Franz Liszt,2011-08-22,76,5,23,-27,3,5:27,98,40,
897,"Nocturne No. 15 in F Minor, Op. 55 / No. 1",Arthur Rubinstein,2012-12-03,80,5,35,-19,18,4:43,99,44,
898,"String Quartet In F Major, M.35: 2. Assez vif. Très rythmé",Maurice Ravel,1991-01-01,151,5,27,-27,7,6:18,93,33,
899,Nocturne en mi bémol majeur opus 9 n°2: Ballade en Sol Mineur No.1,Frédéric Chopin,2010-05-18,61,5,39,-25,7,4:28,99,63,
900,Estampes: I. Pagodes. Modérément animé,Claude Debussy,2007-07-31,68,2,23,-29,9,6:09,99,51,
901,Liebestraume No. 3 In A-flat Major (Nottorno No. 3),Jean-Yves Thibaudet,2010-04-07,72,5,23,-22,3,4:07,99,48,
902,"Les Jeux d'eaux a la Villa d'Este, S. 163",Franz Liszt,2013-10-01,76,13,23,-21,4,8:19,98,55,
903,String Quartet in F Major: II. Assez vif - Très rythmé,Maurice Ravel,2008-10-06,153,4,29,-25,9,6:29,93,54,
904,"Berceuse, Op. 57",Frédéric Chopin,1998,65,1,31,-35,6,4:12,99,51,
905,La Fille Aux Cheveux De Lin L. 117,Claude Debussy,2016-11-25,90,0,37,-32,23,3:28,100,56,
906,"Nocturnes, Op. 9: No. 1 in B-flat Minor",Frédéric Chopin,1999-10-12,128,5,42,-19,7,5:15,99,30,
907,"Piano Trio No. 2 in E-flat, D. 929, Op. 100: Andante con moto",Franz Schubert,2007-01-01,95,2,28,-24,12,9:09,98,39,
908,"Liebestraume, S541/R211 : No. 3: Nocturne in A-Flat Major",Franz Liszt,1998-03-05,60,3,34,-26,4,4:30,99,62,
909,Thrills,Cake,2007-11-13,93,68,66,-10,95,2:59,9,53,
910,Karma Police,Radiohead,1997-05-28,75,51,36,-9,32,4:24,6,74,
911,The Plan,Built To Spill,1999-01-22,142,78,26,-7,38,3:29,0,48,
912,Wave of Mutilation,Pixies,1989-04-17,133,77,59,-12,77,2:05,0,57,
913,Grave Architecture,Pavement,1995,110,79,58,-9,30,4:16,1,50,
914,Maggie's Farm,Rage Against The Machine,2000-12-04,87,84,41,-2,48,6:34,0,56,
915,"Ruby, Don't Take Your Love to Town",Cake,2007-11-13,112,66,70,-12,85,2:56,1,45,
916,By Starlight,The Smashing Pumpkins,1995-12-12,105,35,39,-12,11,4:48,1,45,
917,Scumbag Blues,Them Crooked Vultures,2009-01-01,112,80,53,-5,49,4:26,0,48,
918,Spit On A Stranger (Remastered),Pavement,2010-03-08,82,60,42,-10,40,3:02,14,45,
919,8:16 A.M.,311,1994-07-12,101,61,74,-12,58,3:44,2,42,
920,Three Is A Magic Number,Blind Melon,2005-09-27,109,83,57,-6,65,3:15,16,45,
921,Kicked It In The Sun,Built To Spill,1997-01-10,132,59,33,-10,41,7:33,0,38,
922,Teen Age Riot (Album Version),Sonic Youth,1988-10-04,156,91,29,-10,75,6:58,0,62,
923,Comfort Eagle,Cake,2001-07-23,121,78,74,-6,90,3:40,9,56,
924,Rainbow Connection,Me First and the Gimme Gimmes,1999-05-18,112,88,48,-5,58,2:18,0,34,
925,Maria,Rage Against The Machine,1999-11-01,173,87,28,-7,62,3:48,1,48,
926,Echo,Incubus,2001-10-15,136,54,59,-11,21,3:34,18,50,
927,"Tonight, Tonight",The Smashing Pumpkins,1995-12-12,149,67,29,-9,22,4:15,0,68,
928,Slapped Actress,The Hold Steady,2008-06-17,113,80,32,-5,41,5:17,4,29,
929,In Circles,Sunny Day Real Estate,1994,143,83,33,-7,36,4:58,0,47,
930,Vietnow,Rage Against The Machine,1996-04-15,108,77,65,-6,67,4:37,1,54,
931,Loser,Beck,1994-03-01,85,63,66,-10,79,3:55,3,69,
932,Luna,The Smashing Pumpkins,1993,126,27,57,-14,11,3:22,1,49,
933,Elephants,Them Crooked Vultures,2009-01-01,180,88,22,-5,52,6:50,0,47,
934,Mouthful Of Cavities,Blind Melon,1995-08-03,98,53,34,-10,45,3:35,17,51,
935,Lady Picture Show,Stone Temple Pilots,1996-03-26,157,94,34,-5,52,4:06,1,47,
936,Cleveland Rocks,The Presidents Of The United States Of America,1998-02-12,148,82,44,-8,64,2:33,2,45,
937,Superstar,Sonic Youth,1994-01-01,84,50,37,-9,17,4:08,5,51,
938,Start Choppin',Dinosaur Jr.,1993-02-09,112,76,37,-8,57,5:40,0,53,
939,Elderly Woman Behind the Counter in a Small Town (Remastered),Pearl Jam,1993-10-19,182,49,29,-9,18,3:16,5,65,
940,Aqueous Transmission,Incubus,2001-10-15,152,46,42,-12,9,7:47,1,55,
941,New Fang,Them Crooked Vultures,2009-01-01,190,96,28,-4,74,3:49,0,51,
942,Rich Girl,Me First and the Gimme Gimmes,2008-07-08,99,97,47,-5,49,2:06,7,47,
943,Ashes In the Fall,Rage Against The Machine,1999-11-01,141,70,46,-7,66,4:37,1,47,
944,Debaser,Pixies,1989-04-17,136,88,49,-12,57,2:53,0,62,
945,Muzzle,The Smashing Pumpkins,1995-12-12,90,69,25,-9,34,3:44,0,48,
946,Open Book,Cake,1996,103,56,57,-8,83,3:45,4,40,
947,Babies,Pulp,1994-04-18,156,82,31,-8,62,4:05,11,43,
948,40 Mark Strasse,The Shins,2012-03-16,140,54,65,-8,63,4:39,1,43,
949,Soup,Blind Melon,1996-10-31,141,51,40,-9,61,3:09,35,46,
950,Cherub Rock,The Smashing Pumpkins,1993,87,87,38,-7,45,4:58,0,64,
951,Up on the Sun,Meat Puppets,1985,112,70,48,-9,77,4:04,20,42,
952,Ana,Pixies,1990-08-13,106,41,66,-14,37,2:09,3,42,
953,A Man Called Sun,The Verve,1992,113,40,35,-17,52,5:44,55,31,
954,War Pigs,Cake,2007-11-13,84,57,58,-8,45,3:54,1,55,
955,Given to Fly,Pearl Jam,1998-02-17,101,76,32,-7,34,3:59,0,57,
956,Old to Begin,Pavement,1997,150,40,37,-11,38,3:23,5,38,
957,Headache,Frank Black,1994-05-23,132,95,59,-5,88,2:53,0,44,
958,No Rain,Blind Melon,1992-09-14,148,48,39,-9,57,3:37,62,74,
959,Subterranean Homesick Alien,Radiohead,1997-05-28,151,59,32,-9,32,4:28,5,56,
960,Sheep Go To Heaven,Cake,1998,103,68,64,-9,79,3:48,2,49,
961,6 Underground - Nellee Hooper Mix,Sneaker Pimps,1996,170,69,59,-9,47,3:54,3,52,
962,Meanwhile Back in the City,The Presidents Of The United States Of America,2000,118,81,59,-5,71,3:23,7,47,
963,Abandoned Mansion,Dr. Dog,2017-01-31,124,52,48,-8,28,5:23,46,57,
964,I'll Believe In Anything,Wolf Parade,2005-09-27,144,94,31,-5,15,4:37,40,54,
965,Opera Singer,Cake,2001-07-23,95,68,71,-8,95,4:06,6,44,
966,Inside Out,Spoon,2014-08-05,176,62,64,-5,50,5:02,43,62,
967,Race for the Prize,The Flaming Lips,1999-05-17,131,84,33,-7,45,4:19,0,53,
968,It Is Not Meant To Be,Tame Impala,2010-05-21,102,90,41,-5,39,5:22,1,48,
969,The General Specific,Band of Horses,2007-10-09,118,70,75,-6,60,3:07,20,51,
970,Skyscrapers,OK Go,2010-01-12,97,43,85,-8,55,4:38,47,37,
971,I'm A Cuckoo,Belle & Sebastian,2003,147,65,55,-8,75,5:26,18,39,
972,From The Morning,Nick Drake,1972-01-01,109,16,66,-19,42,2:30,87,44,
973,Fralite,The Books,2013-10-15,108,64,67,-6,72,1:18,86,36,
974,Follow the Leader,Foxygen,2017-01-20,115,59,51,-8,73,4:13,7,58,
975,Whole Love,Wilco,2011-09-27,130,72,63,-9,70,3:50,20,39,
976,Title And Registration,Death Cab for Cutie,2003,116,57,75,-10,73,3:39,33,54,
977,The Start Of Something,Voxtrot,2005-01-01,107,73,63,-7,71,4:32,18,55,
978,The Most Beautiful Girl (In The Room),Flight of the Conchords,2008-04-22,144,52,81,-9,71,4:02,68,49,
979,West Coast,Coconut Records,2007-04-17,80,60,53,-6,35,3:30,46,58,
980, Cello Song,Nick Drake,1969,119,40,52,-17,52,4:45,69,42,
981,Hotwax,Beck,1996,87,70,72,-9,64,3:49,7,43,
982,Love You Madly,Cake,2001-07-23,107,81,75,-8,66,3:58,9,55,
983,"Vier Stücke für Xylophon: Gassenhauer nach Hans Neusiedler (1536) für Sopran-, Altxylophon, Castagnetten, kleine Trommel, Schellentrommel und Pauken, Musik für Kinder III, Nr. 15, 1952",Gunild Keetman,1995,102,11,56,-23,36,3:04,99,35,
984,He Needs Me,Punch-Drunk Love,2002-11-05,85,15,59,-14,37,3:31,82,35,
985,Remember Last Time,Avi Buffalo,2010-04-27,135,76,42,-6,23,7:28,42,25,
986,Two-Headed Boy,Neutral Milk Hotel,1998-02-20,146,61,34,-4,27,4:26,71,52,
987,Oh! Sweet Nuthin' - 2015 Remastered,The Velvet Underground,1970,76,47,40,-12,53,7:25,30,63,
988,Southern Point,Grizzly Bear,2009-05-24,97,73,49,-9,36,5:03,19,44,
989,Jesusland,Ben Folds,2005,109,59,38,-9,14,4:29,36,38,
990,Pure Comedy,Father John Misty,2017-04-07,130,27,46,-11,16,6:24,81,55,
991,The Falls,Whitney,2016-06-03,110,70,69,-6,73,2:21,84,51,
992,Smothering Green (Bonus Track),Grizzly Bear,2013-11-11,119,52,50,-9,14,6:30,47,43,
993,I am trying to break your heart,Wilco,2002-04-16,86,54,47,-11,43,6:58,32,52,
994,Young Pilgrims,The Shins,2003-10-21,124,34,75,-9,66,2:48,78,45,
995,Easier,Grizzly Bear,2006-09-04,88,42,52,-12,33,3:43,74,40,
996,Moves,The New Pornographers,2010-05-03,168,58,60,-8,66,3:53,30,36,
997,Train Song,Vashti Bunyan,2007-10-30,103,39,58,-10,53,2:17,87,43,
998,Ginza Samba,Vince Guaraldi,1964,97,37,60,-14,81,5:26,82,23,
999,Green Onions,Booker T. & the M.G.'s,1962,137,51,82,-9,91,2:56,77,64,
1000,Matrix,Chick Corea,1993-06-07,144,35,42,-19,66,6:29,70,45,